image_id,step,fraction_of_patches,patch_changed_at_step,patch_abs_shap,deletion_score,insertion_score
I1,0,0.0,,,1.0,0.4809710383415222
I1,1,0.02040816326530612,41,0.03504463465770288,0.977586030960083,0.6265621781349182
I1,2,0.04081632653061224,18,0.016904243553171355,0.9339107871055603,0.6215609908103943
I1,3,0.061224489795918366,40,0.016408371301938066,0.925805389881134,0.6197225451469421
I1,4,0.08163265306122448,10,0.016144288285654427,0.9021144509315491,0.6850596070289612
I1,5,0.10204081632653061,9,0.016124791864837913,0.8900703191757202,0.6869774460792542
I1,6,0.12244897959183673,14,0.015316891883100772,0.8851540684700012,0.7014431357383728
I1,7,0.14285714285714285,8,0.014880828255293316,0.8813593983650208,0.7736568450927734
I1,8,0.16326530612244897,7,0.014683353201467159,0.8866609334945679,0.8022956848144531
I1,9,0.1836734693877551,34,0.014664330234637075,0.8767346143722534,0.8130584955215454
I1,10,0.20408163265306123,11,0.014283439106478977,0.8779643774032593,0.8129143118858337
I1,11,0.22448979591836735,15,0.014181833638220407,0.8609306812286377,0.8304986953735352
I1,12,0.24489795918367346,28,0.01360494491397119,0.8613967895507812,0.8556719422340393
I1,13,0.2653061224489796,21,0.013596271677893026,0.8535938858985901,0.871559202671051
I1,14,0.2857142857142857,33,0.013164161153289741,0.7708170413970947,0.8734247088432312
I1,15,0.30612244897959184,27,0.012997958429005675,0.7701433897018433,0.8640795946121216
I1,16,0.32653061224489793,17,0.012760614101984055,0.7604625225067139,0.8811209201812744
I1,17,0.3469387755102041,26,0.011942482420376373,0.7509315609931946,0.8921833038330078
I1,18,0.3673469387755102,22,0.011674350013538289,0.7516340017318726,0.8964477181434631
I1,19,0.3877551020408163,48,0.011411114709869935,0.759992241859436,0.8937146663665771
I1,20,0.40816326530612246,19,0.010792669288966123,0.7676066160202026,0.9002662897109985
I1,21,0.42857142857142855,25,0.01077216529116339,0.7512764930725098,0.9047399163246155
I1,22,0.4489795918367347,29,0.010480427126191093,0.7417720556259155,0.9062042832374573
I1,23,0.46938775510204084,24,0.010094914813430953,0.7504227757453918,0.9090468883514404
I1,24,0.4897959183673469,20,0.00996976741114441,0.7412665486335754,0.9070207476615906
I1,25,0.5102040816326531,32,0.00945553221568769,0.7338142991065979,0.9102371335029602
I1,26,0.5306122448979592,16,0.009327999639267824,0.7043521404266357,0.9188967943191528
I1,27,0.5510204081632653,12,0.009107839468182345,0.6971875429153442,0.9216159582138062
I1,28,0.5714285714285714,1,0.009059409211788855,0.6960729956626892,0.92618727684021
I1,29,0.5918367346938775,2,0.009012170630146045,0.691275954246521,0.9245877861976624
I1,30,0.6122448979591837,0,0.008974744349109888,0.6928078532218933,0.925879716873169
I1,31,0.6326530612244898,3,0.008512335012153708,0.6944507360458374,0.919326901435852
I1,32,0.6530612244897959,23,0.008507672469226683,0.6723629236221313,0.926013708114624
I1,33,0.673469387755102,4,0.008437474809434952,0.663844883441925,0.9314147233963013
I1,34,0.6938775510204082,6,0.007948301656513796,0.6620493531227112,0.930971622467041
I1,35,0.7142857142857143,31,0.007867173196709891,0.6664736866950989,0.9340885281562805
I1,36,0.7346938775510204,13,0.007664864008523976,0.6589581966400146,0.9505872130393982
I1,37,0.7551020408163265,5,0.007626918315583341,0.6485137939453125,0.9511473178863525
I1,38,0.7755102040816326,47,0.0068095410432742615,0.6369008421897888,0.9523983597755432
I1,39,0.7959183673469388,39,0.006274797706579672,0.6333601474761963,0.9571610689163208
I1,40,0.8163265306122449,38,0.006258758051054814,0.6432056427001953,0.9568321108818054
I1,41,0.8367346938775511,37,0.0061523128224878895,0.6367725133895874,0.960048496723175
I1,42,0.8571428571428571,44,0.005743915937384782,0.6253410577774048,0.9602344036102295
I1,43,0.8775510204081632,35,0.005529779712764584,0.6171858906745911,0.9652141332626343
I1,44,0.8979591836734694,30,0.005324741293277061,0.6107388138771057,0.9720006585121155
I1,45,0.9183673469387755,45,0.0051919034093010205,0.607917845249176,0.9773308038711548
I1,46,0.9387755102040817,42,0.004989667472486595,0.6021495461463928,0.9794251918792725
I1,47,0.9591836734693877,36,0.00480214468374544,0.5953533053398132,0.9860614538192749
I1,48,0.9795918367346939,46,0.004527311658068579,0.5870763659477234,0.993965208530426
I1,49,1.0,43,0.004022745947752683,0.4809710681438446,1.0
I2,0,0.0,,,1.0000001192092896,0.5068135261535645
I2,1,0.02040816326530612,27,0.01970903837711227,0.9794070720672607,0.5652894377708435
I2,2,0.04081632653061224,2,0.01678199807600099,0.9743926525115967,0.6049825549125671
I2,3,0.061224489795918366,7,0.01608907112053463,0.9532829523086548,0.649876058101654
I2,4,0.08163265306122448,48,0.016081371211579862,0.9475969076156616,0.6668838262557983
I2,5,0.10204081632653061,34,0.01579276593972225,0.9434412121772766,0.7035199999809265
I2,6,0.12244897959183673,14,0.014894984054322142,0.9366075992584229,0.7375848293304443
I2,7,0.14285714285714285,1,0.014547244246516908,0.925958514213562,0.7454411387443542
I2,8,0.16326530612244897,20,0.013814329568828857,0.9260364770889282,0.7855351567268372
I2,9,0.1836734693877551,43,0.013740079705508395,0.9123302102088928,0.803912341594696
I2,10,0.20408163265306123,19,0.013655641515340123,0.9029543995857239,0.8153324723243713
I2,11,0.22448979591836735,13,0.013634585072191386,0.8973485231399536,0.8232274055480957
I2,12,0.24489795918367346,0,0.013426966737119518,0.8863904476165771,0.8342169523239136
I2,13,0.2653061224489796,12,0.01307987216479925,0.8825811147689819,0.82932049036026
I2,14,0.2857142857142857,42,0.013078682314680557,0.8632184267044067,0.8336569666862488
I2,15,0.30612244897959184,8,0.012548165890027066,0.8661909103393555,0.8364781737327576
I2,16,0.32653061224489793,44,0.011397629596140922,0.8655720949172974,0.8710904121398926
I2,17,0.3469387755102041,3,0.011304578458776283,0.8545407056808472,0.8870764374732971
I2,18,0.3673469387755102,21,0.011303372833193576,0.8476803302764893,0.8929765820503235
I2,19,0.3877551020408163,6,0.010997351411045813,0.8231048583984375,0.8965697884559631
I2,20,0.40816326530612246,41,0.010891460718549031,0.8289933800697327,0.8955888748168945
I2,21,0.42857142857142855,35,0.010758540231962594,0.8063077330589294,0.8925270438194275
I2,22,0.4489795918367347,47,0.010532324373417976,0.797511637210846,0.8939355611801147
I2,23,0.46938775510204084,5,0.01053106647973158,0.7842465043067932,0.9032965898513794
I2,24,0.4897959183673469,15,0.01051897738052874,0.768730640411377,0.901088535785675
I2,25,0.5102040816326531,40,0.00990230791574838,0.7511695623397827,0.9079587459564209
I2,26,0.5306122448979592,18,0.009798449787254235,0.7193595170974731,0.9212529063224792
I2,27,0.5510204081632653,26,0.009727074251491198,0.7139038443565369,0.9245426058769226
I2,28,0.5714285714285714,11,0.00970697106451405,0.6923879384994507,0.9276738166809082
I2,29,0.5918367346938775,9,0.009651117406937538,0.6585824489593506,0.9294241666793823
I2,30,0.6122448979591837,10,0.009309282184255368,0.6112514734268188,0.9392336010932922
I2,31,0.6326530612244898,4,0.00905374908933834,0.5988084077835083,0.9450772404670715
I2,32,0.6530612244897959,22,0.009013974544953323,0.5802478790283203,0.9496743679046631
I2,33,0.673469387755102,33,0.008454305404911234,0.5722655653953552,0.9500707983970642
I2,34,0.6938775510204082,36,0.008276943041353804,0.5402591824531555,0.9499793648719788
I2,35,0.7142857142857143,17,0.007826096549326053,0.5507128834724426,0.9487369060516357
I2,36,0.7346938775510204,30,0.007608345652721368,0.5467541813850403,0.9453189969062805
I2,37,0.7551020408163265,25,0.007412236183881758,0.5534947514533997,0.9484230279922485
I2,38,0.7755102040816326,16,0.007013313092139298,0.5473083257675171,0.9616069793701172
I2,39,0.7959183673469388,31,0.0068736057348397295,0.5557208061218262,0.9593012928962708
I2,40,0.8163265306122449,24,0.006366979862962453,0.5480859875679016,0.9632501006126404
I2,41,0.8367346938775511,45,0.0062943167832433,0.5389628410339355,0.9638635516166687
I2,42,0.8571428571428571,37,0.005692346819809503,0.5398058891296387,0.9678036570549011
I2,43,0.8775510204081632,32,0.0055749646330974555,0.5206528902053833,0.9693096876144409
I2,44,0.8979591836734694,23,0.004841808457763829,0.5209729671478271,0.9702604413032532
I2,45,0.9183673469387755,38,0.004301994962959869,0.5221412181854248,0.9722217321395874
I2,46,0.9387755102040817,29,0.004220846128098821,0.5189164280891418,0.9722355604171753
I2,47,0.9591836734693877,28,0.0030721505077517743,0.5719365477561951,0.9814161658287048
I2,48,0.9795918367346939,39,0.0025799936253805573,0.5699118375778198,0.9931814074516296
I2,49,1.0,46,0.0015032026840716,0.5068134665489197,1.0000001192092896
I3,0,0.0,,,0.9999999403953552,0.47108450531959534
I3,1,0.02040816326530612,41,0.024727572820016332,0.9390292763710022,0.6219882965087891
I3,2,0.04081632653061224,48,0.020361806589121727,0.9220023155212402,0.710151731967926
I3,3,0.061224489795918366,40,0.01844794363999853,0.9192984700202942,0.7514796853065491
I3,4,0.08163265306122448,35,0.017923085893295252,0.8946181535720825,0.8031405806541443
I3,5,0.10204081632653061,28,0.017803540567354285,0.8859684467315674,0.7975138425827026
I3,6,0.12244897959183673,47,0.016173264239819685,0.8822992444038391,0.7966050505638123
I3,7,0.14285714285714285,27,0.014916632096378165,0.8834624886512756,0.8089645504951477
I3,8,0.16326530612244897,29,0.014479914261978505,0.8753896951675415,0.8027622699737549
I3,9,0.1836734693877551,32,0.01432226632474635,0.8684044480323792,0.8137115240097046
I3,10,0.20408163265306123,26,0.013823930402191311,0.8672875165939331,0.8312634229660034
I3,11,0.22448979591836735,34,0.013812889211944158,0.8663932085037231,0.8380169868469238
I3,12,0.24489795918367346,25,0.013761343700545171,0.8577959537506104,0.8651160597801208
I3,13,0.2653061224489796,33,0.013680730851329091,0.8397653698921204,0.872420608997345
I3,14,0.2857142857142857,20,0.012973965240680445,0.8392899632453918,0.8923709392547607
I3,15,0.30612244897959184,24,0.012922144666010023,0.8479382991790771,0.8917319774627686
I3,16,0.32653061224489793,36,0.012909594467099824,0.8405356407165527,0.8942940831184387
I3,17,0.3469387755102041,21,0.012352331104327216,0.8315181136131287,0.9085412621498108
I3,18,0.3673469387755102,31,0.012321371281025359,0.8266146183013916,0.9103520512580872
I3,19,0.3877551020408163,30,0.011890735705288098,0.80279940366745,0.9109448194503784
I3,20,0.40816326530612246,22,0.011881032616508247,0.8043946027755737,0.9082651734352112
I3,21,0.42857142857142855,23,0.01119700773638122,0.7600640654563904,0.9052416682243347
I3,22,0.4489795918367347,6,0.011086930843944442,0.7704435586929321,0.9101284146308899
I3,23,0.46938775510204084,19,0.010008838616919764,0.7720372676849365,0.9097768664360046
I3,24,0.4897959183673469,38,0.009835044948422177,0.7754221558570862,0.9146035313606262
I3,25,0.5102040816326531,5,0.009701357888323924,0.7738338112831116,0.9184502363204956
I3,26,0.5306122448979592,37,0.009686282854907368,0.7563235759735107,0.9230434894561768
I3,27,0.5510204081632653,44,0.009579057025970247,0.7401349544525146,0.9262003898620605
I3,28,0.5714285714285714,42,0.009327676375301519,0.7445099353790283,0.925216555595398
I3,29,0.5918367346938775,39,0.00930343028538081,0.7156937718391418,0.9206882119178772
I3,30,0.6122448979591837,45,0.00896641809721382,0.7335119247436523,0.9271506071090698
I3,31,0.6326530612244898,46,0.008709187448328859,0.735173225402832,0.9349610209465027
I3,32,0.6530612244897959,43,0.008691403672707326,0.7298694252967834,0.9343137741088867
I3,33,0.673469387755102,17,0.008434391409462812,0.7292630672454834,0.9388986229896545
I3,34,0.6938775510204082,0,0.0081946002509521,0.7325630784034729,0.9466841220855713
I3,35,0.7142857142857143,16,0.00789488852024078,0.7314823269844055,0.9437581896781921
I3,36,0.7346938775510204,11,0.007511583023837641,0.731681227684021,0.9398913979530334
I3,37,0.7551020408163265,14,0.007306045491476447,0.7233696579933167,0.93525230884552
I3,38,0.7755102040816326,15,0.007247875615650299,0.7154231071472168,0.936237633228302
I3,39,0.7959183673469388,4,0.007089998535051639,0.7134747505187988,0.9328218698501587
I3,40,0.8163265306122449,1,0.006671283356085117,0.7114997506141663,0.9386657476425171
I3,41,0.8367346938775511,3,0.006653085427016627,0.7125871181488037,0.9409466981887817
I3,42,0.8571428571428571,7,0.006600763876827399,0.6836389899253845,0.9455519318580627
I3,43,0.8775510204081632,18,0.006520403758147547,0.6300098896026611,0.9601448774337769
I3,44,0.8979591836734694,12,0.00577375243360899,0.5954145193099976,0.9621934294700623
I3,45,0.9183673469387755,10,0.005756155872831535,0.5597982406616211,0.969739556312561
I3,46,0.9387755102040817,13,0.005518689903677725,0.5616611838340759,0.9669155478477478
I3,47,0.9591836734693877,2,0.005323733792317158,0.5161223411560059,0.9740117192268372
I3,48,0.9795918367346939,8,0.005236794867989968,0.5295857191085815,0.9744884967803955
I3,49,1.0,9,0.0036026276648044578,0.47108474373817444,1.0
I4,0,0.0,,,0.9999999403953552,0.5640977621078491
I4,1,0.02040816326530612,24,0.04278177517105122,0.8433116674423218,0.6943074464797974
I4,2,0.04081632653061224,25,0.034115160435286083,0.8206756114959717,0.8010761737823486
I4,3,0.061224489795918366,31,0.028194816440952054,0.7818806767463684,0.854432225227356
I4,4,0.08163265306122448,32,0.01863261937562912,0.7932016253471375,0.8644616007804871
I4,5,0.10204081632653061,18,0.01707481486456735,0.8096470236778259,0.8799466490745544
I4,6,0.12244897959183673,17,0.015517415516838742,0.7938099503517151,0.8725216388702393
I4,7,0.14285714285714285,30,0.01462245014097011,0.8471805453300476,0.8794985413551331
I4,8,0.16326530612244897,23,0.013265334677939514,0.834488034248352,0.8783265948295593
I4,9,0.1836734693877551,16,0.012948603844460184,0.8222528100013733,0.8784012198448181
I4,10,0.20408163265306123,19,0.010732104887767718,0.8300715684890747,0.8803301453590393
I4,11,0.22448979591836735,46,0.009859590696132913,0.8324600458145142,0.9048844575881958
I4,12,0.24489795918367346,20,0.009544580718692469,0.8428494930267334,0.902565062046051
I4,13,0.2653061224489796,47,0.009164086257924841,0.8461028337478638,0.9004892110824585
I4,14,0.2857142857142857,48,0.008756278919018047,0.8463698029518127,0.9079025387763977
I4,15,0.30612244897959184,26,0.008464279375514201,0.8366708159446716,0.9088711142539978
I4,16,0.32653061224489793,21,0.008098529005537227,0.848356306552887,0.9134230017662048
I4,17,0.3469387755102041,9,0.00808738065617425,0.8466910123825073,0.9150130748748779
I4,18,0.3673469387755102,42,0.007855497414664353,0.8388159871101379,0.9296000599861145
I4,19,0.3877551020408163,45,0.0076966955497556845,0.8352701663970947,0.9213567972183228
I4,20,0.40816326530612246,27,0.007638649976983355,0.8313944339752197,0.9147018790245056
I4,21,0.42857142857142855,37,0.0074516739316132655,0.8198748230934143,0.9300679564476013
I4,22,0.4489795918367347,39,0.007308571542404139,0.8187309503555298,0.9334484338760376
I4,23,0.46938775510204084,38,0.007257703615694628,0.8156891465187073,0.9424448609352112
I4,24,0.4897959183673469,29,0.007227358579331518,0.8092257380485535,0.9488944411277771
I4,25,0.5102040816326531,36,0.006729875292096825,0.8075228929519653,0.9464349746704102
I4,26,0.5306122448979592,15,0.006710961993251528,0.7924075722694397,0.9536844491958618
I4,27,0.5510204081632653,10,0.006708628060866377,0.7908347249031067,0.9575049877166748
I4,28,0.5714285714285714,43,0.0065469676058511304,0.7849451303482056,0.9649264216423035
I4,29,0.5918367346938775,22,0.00627856473533475,0.7788942456245422,0.9693294167518616
I4,30,0.6122448979591837,35,0.005917941581229772,0.7699686288833618,0.9736407995223999
I4,31,0.6326530612244898,28,0.005714113538970754,0.7731325626373291,0.9743629693984985
I4,32,0.6530612244897959,8,0.005686003486720886,0.7715279459953308,0.9774783849716187
I4,33,0.673469387755102,14,0.005639773052261801,0.7454652190208435,0.9806352257728577
I4,34,0.6938775510204082,40,0.005632258647558643,0.7415958046913147,0.9804955720901489
I4,35,0.7142857142857143,44,0.005328604381303398,0.7335857152938843,0.9825330376625061
I4,36,0.7346938775510204,41,0.005210274944500046,0.7285058498382568,0.9851805567741394
I4,37,0.7551020408163265,11,0.005116749326793516,0.7278122305870056,0.9860814809799194
I4,38,0.7755102040816326,7,0.004756802046785548,0.7207150459289551,0.9891707301139832
I4,39,0.7959183673469388,2,0.003845744291130375,0.7013003826141357,0.9903668761253357
I4,40,0.8163265306122449,33,0.00381216771748601,0.6796325445175171,0.9929060935974121
I4,41,0.8367346938775511,12,0.003800154872694793,0.6805106401443481,0.9935216903686523
I4,42,0.8571428571428571,1,0.003787843244416372,0.676710307598114,0.9939440488815308
I4,43,0.8775510204081632,0,0.0037685428955117027,0.6739575862884521,0.9948292970657349
I4,44,0.8979591836734694,13,0.0033645927906036377,0.668857753276825,0.9957257509231567
I4,45,0.9183673469387755,34,0.0032066207911287036,0.563267707824707,0.9996327757835388
I4,46,0.9387755102040817,3,0.002392079757184399,0.5623595714569092,0.9996940493583679
I4,47,0.9591836734693877,6,0.001416057956462004,0.5632611513137817,0.9999066591262817
I4,48,0.9795918367346939,5,0.001296647273156108,0.5635994076728821,0.9999848008155823
I4,49,1.0,4,0.000938415223238419,0.5640978217124939,1.0
I5,0,0.0,,,1.0,0.49923112988471985
I5,1,0.02040816326530612,17,0.052818018258834386,0.8203354477882385,0.6403470635414124
I5,2,0.04081632653061224,18,0.038255155770754334,0.7822778820991516,0.6644108891487122
I5,3,0.061224489795918366,24,0.03071316863809314,0.7653039693832397,0.6520246863365173
I5,4,0.08163265306122448,16,0.02891410047150387,0.7729315757751465,0.6967365741729736
I5,5,0.10204081632653061,23,0.023508461002184424,0.7391324043273926,0.6975476741790771
I5,6,0.12244897959183673,25,0.02205915505788764,0.7228190898895264,0.7138110995292664
I5,7,0.14285714285714285,10,0.02041416417579261,0.7055321335792542,0.7842857837677002
I5,8,0.16326530612244897,11,0.018591264414848117,0.6923191547393799,0.8028199672698975
I5,9,0.1836734693877551,32,0.016658833402456066,0.690416157245636,0.8174710273742676
I5,10,0.20408163265306123,31,0.014415901610437707,0.6761700510978699,0.835656464099884
I5,11,0.22448979591836735,30,0.014222005496219723,0.6351873278617859,0.8414441347122192
I5,12,0.24489795918367346,9,0.01086547484203261,0.6332917809486389,0.8361428380012512
I5,13,0.2653061224489796,29,0.009384484049312922,0.6189201474189758,0.8465244770050049
I5,14,0.2857142857142857,33,0.009291925106425677,0.6199707388877869,0.8536293506622314
I5,15,0.30612244897959184,22,0.008841149965111086,0.600598931312561,0.8537800312042236
I5,16,0.32653061224489793,15,0.008492735043472172,0.6047159433364868,0.857313871383667
I5,17,0.3469387755102041,19,0.008015914344970053,0.6071158647537231,0.8631156086921692
I5,18,0.3673469387755102,28,0.007971052346485003,0.6163211464881897,0.8799015283584595
I5,19,0.3877551020408163,39,0.007815746628508284,0.6278547644615173,0.8877259492874146
I5,20,0.40816326530612246,26,0.006831533750709224,0.6124846339225769,0.8909685015678406
I5,21,0.42857142857142855,4,0.006700379659934922,0.6280438899993896,0.9040238857269287
I5,22,0.4489795918367347,34,0.006366092863739756,0.6381447315216064,0.9125565886497498
I5,23,0.46938775510204084,42,0.006313954498998969,0.6359142661094666,0.9169490337371826
I5,24,0.4897959183673469,48,0.006292868215514692,0.6373850107192993,0.922897458076477
I5,25,0.5102040816326531,0,0.00613405407235331,0.6408576965332031,0.9274411797523499
I5,26,0.5306122448979592,3,0.006062860695683224,0.6509391069412231,0.9347898364067078
I5,27,0.5510204081632653,1,0.005805320771677153,0.6531558036804199,0.9374327063560486
I5,28,0.5714285714285714,21,0.005714175956589833,0.6571402549743652,0.941243588924408
I5,29,0.5918367346938775,12,0.005457714732204164,0.6502801179885864,0.9429954290390015
I5,30,0.6122448979591837,47,0.005337416631530746,0.6501583456993103,0.9452618956565857
I5,31,0.6326530612244898,38,0.005277490737486858,0.6424049139022827,0.9457540512084961
I5,32,0.6530612244897959,2,0.005181093073012882,0.6495137810707092,0.9469844698905945
I5,33,0.673469387755102,37,0.00489942425367784,0.6441623568534851,0.947167158126831
I5,34,0.6938775510204082,35,0.004894967209927886,0.6531100273132324,0.9475512504577637
I5,35,0.7142857142857143,40,0.004780391725350404,0.653630256652832,0.9480528831481934
I5,36,0.7346938775510204,27,0.004572112341316379,0.6561728715896606,0.9520092010498047
I5,37,0.7551020408163265,8,0.004532526874420596,0.6525267958641052,0.9541091322898865
I5,38,0.7755102040816326,43,0.004418996637877153,0.6471126675605774,0.9569934606552124
I5,39,0.7959183673469388,36,0.004396987204649012,0.6523116827011108,0.957641065120697
I5,40,0.8163265306122449,5,0.0043564518267402855,0.6488848328590393,0.9565683007240295
I5,41,0.8367346938775511,14,0.004304993555557971,0.6492705941200256,0.9576480984687805
I5,42,0.8571428571428571,6,0.004253324691434295,0.6364589333534241,0.9641295671463013
I5,43,0.8775510204081632,20,0.00423545397970141,0.6201955676078796,0.9663008451461792
I5,44,0.8979591836734694,46,0.003936800497527023,0.618003785610199,0.9689777493476868
I5,45,0.9183673469387755,13,0.0038845535291700925,0.627286434173584,0.9704879522323608
I5,46,0.9387755102040817,41,0.0038679668641820237,0.6156126856803894,0.9718338251113892
I5,47,0.9591836734693877,44,0.0038651625568769396,0.5586055517196655,0.9679176211357117
I5,48,0.9795918367346939,45,0.003601500118265345,0.5823482275009155,0.9852973818778992
I5,49,1.0,7,0.003243500556872815,0.4992310702800751,1.0000001192092896
I6,0,0.0,,,1.0000001192092896,0.29623040556907654
I6,1,0.02040816326530612,44,0.03662770372644372,0.9524135589599609,0.3884446620941162
I6,2,0.04081632653061224,37,0.02638462231475481,0.9251403212547302,0.4820857048034668
I6,3,0.061224489795918366,45,0.02150880374318483,0.9177272319793701,0.4735248386859894
I6,4,0.08163265306122448,38,0.01883564995867864,0.8914066553115845,0.4867952764034271
I6,5,0.10204081632653061,5,0.01848881419900121,0.8775577545166016,0.49968117475509644
I6,6,0.12244897959183673,6,0.018142210528710675,0.8725346326828003,0.5731885433197021
I6,7,0.14285714285714285,18,0.01754094622268969,0.8646435737609863,0.6487650871276855
I6,8,0.16326530612244897,25,0.01749917857196866,0.8517959117889404,0.6468672752380371
I6,9,0.1836734693877551,4,0.017369460124446415,0.8529624938964844,0.6683698892593384
I6,10,0.20408163265306123,17,0.017233806187096908,0.8498978614807129,0.6732162237167358
I6,11,0.22448979591836735,30,0.017149255287890533,0.8075017333030701,0.6743536591529846
I6,12,0.24489795918367346,16,0.01681923723722599,0.7815650701522827,0.6788583993911743
I6,13,0.2653061224489796,15,0.016269150722239695,0.7832040190696716,0.6824642419815063
I6,14,0.2857142857142857,14,0.01626282873354395,0.7751209735870361,0.6869674921035767
I6,15,0.30612244897959184,43,0.01625019275792398,0.7685362696647644,0.6892735362052917
I6,16,0.32653061224489793,9,0.01594568104768286,0.7212816476821899,0.6842039227485657
I6,17,0.3469387755102041,24,0.015546549643789018,0.7103782892227173,0.6895288825035095
I6,18,0.3673469387755102,31,0.015445915145837524,0.7220770716667175,0.7156822681427002
I6,19,0.3877551020408163,2,0.01520185546987518,0.7319005131721497,0.7372574806213379
I6,20,0.40816326530612246,21,0.01481265529077881,0.7170834541320801,0.7654697299003601
I6,21,0.42857142857142855,20,0.014792812589023804,0.7119592428207397,0.7535267472267151
I6,22,0.4489795918367347,22,0.014542932032930595,0.7004423141479492,0.7690621614456177
I6,23,0.46938775510204084,3,0.014267638439730723,0.6944857239723206,0.7723158597946167
I6,24,0.4897959183673469,36,0.01384509902219383,0.6943030953407288,0.780642032623291
I6,25,0.5102040816326531,27,0.01381724312597392,0.6738182306289673,0.7870141267776489
I6,26,0.5306122448979592,19,0.013793234637349243,0.6411052942276001,0.8063965439796448
I6,27,0.5510204081632653,10,0.01368279101289048,0.6322031021118164,0.8096494674682617
I6,28,0.5714285714285714,23,0.013542387786568424,0.604824960231781,0.8358524441719055
I6,29,0.5918367346938775,29,0.013499898037740163,0.5909017324447632,0.85176682472229
I6,30,0.6122448979591837,26,0.013443443848162278,0.5761151313781738,0.8580394983291626
I6,31,0.6326530612244898,0,0.013301448136263966,0.516732394695282,0.8540400862693787
I6,32,0.6530612244897959,32,0.013044966973972554,0.4949893057346344,0.8643142580986023
I6,33,0.673469387755102,1,0.013011309052152295,0.47384950518608093,0.8713776469230652
I6,34,0.6938775510204082,33,0.011458748020231719,0.4894253611564636,0.866146981716156
I6,35,0.7142857142857143,11,0.011419900978098108,0.4738391935825348,0.8843952417373657
I6,36,0.7346938775510204,48,0.011266822413522367,0.4522377550601959,0.8897461891174316
I6,37,0.7551020408163265,28,0.011133908845332212,0.427196204662323,0.8914167881011963
I6,38,0.7755102040816326,34,0.011069529974947175,0.41467228531837463,0.8943065404891968
I6,39,0.7959183673469388,47,0.010232817153541412,0.4074840545654297,0.8922063112258911
I6,40,0.8163265306122449,41,0.010070333675462376,0.43052661418914795,0.8989611864089966
I6,41,0.8367346938775511,8,0.009913368682776176,0.42969030141830444,0.9081477522850037
I6,42,0.8571428571428571,40,0.009885239966061646,0.43756169080734253,0.9082096219062805
I6,43,0.8775510204081632,42,0.009584711674524819,0.39099571108818054,0.9093067646026611
I6,44,0.8979591836734694,39,0.00951389177721374,0.37733882665634155,0.9124568700790405
I6,45,0.9183673469387755,35,0.009498689399690044,0.36025726795196533,0.9197530746459961
I6,46,0.9387755102040817,12,0.008189481968174173,0.3536297678947449,0.9290574193000793
I6,47,0.9591836734693877,7,0.007992551414942253,0.3568592071533203,0.9412361979484558
I6,48,0.9795918367346939,13,0.00748898609712416,0.36078599095344543,0.9856223464012146
I6,49,1.0,46,0.007130801373598531,0.2962304651737213,1.0000001192092896
I7,0,0.0,,,1.0,0.4444725215435028
I7,1,0.02040816326530612,18,0.021066873201302124,0.978847324848175,0.49301785230636597
I7,2,0.04081632653061224,26,0.020352468046606807,0.9652276039123535,0.5189030170440674
I7,3,0.061224489795918366,27,0.018960720422316578,0.9408313035964966,0.554521918296814
I7,4,0.08163265306122448,34,0.0182792674369958,0.9468547105789185,0.5666564702987671
I7,5,0.10204081632653061,30,0.018067930996113896,0.9404397010803223,0.5578653812408447
I7,6,0.12244897959183673,17,0.01789576028074536,0.9127548336982727,0.5869539380073547
I7,7,0.14285714285714285,33,0.017860398095633313,0.8947892785072327,0.6112709641456604
I7,8,0.16326530612244897,19,0.014922416331816703,0.8865492939949036,0.646346926689148
I7,9,0.1836734693877551,31,0.014659800053555144,0.9054768085479736,0.6454831957817078
I7,10,0.20408163265306123,25,0.014252037038000265,0.8691223859786987,0.6408628821372986
I7,11,0.22448979591836735,41,0.013746687838313537,0.8699206113815308,0.6586017608642578
I7,12,0.24489795918367346,37,0.013391711349998205,0.8481459021568298,0.68940669298172
I7,13,0.2653061224489796,44,0.013313637400160037,0.836557924747467,0.7184034585952759
I7,14,0.2857142857142857,16,0.013296350912780176,0.7847727537155151,0.7291236519813538
I7,15,0.30612244897959184,20,0.013262524060448814,0.7474183440208435,0.7662977576255798
I7,16,0.32653061224489793,45,0.013011437669700504,0.7376515865325928,0.7725397944450378
I7,17,0.3469387755102041,24,0.01276860431748993,0.7563028931617737,0.7821322679519653
I7,18,0.3673469387755102,29,0.012150908231127024,0.7477673292160034,0.7873194217681885
I7,19,0.3877551020408163,40,0.01204481238157166,0.743579089641571,0.7895757555961609
I7,20,0.40816326530612246,6,0.011772397297377488,0.7222855091094971,0.8018892407417297
I7,21,0.42857142857142855,47,0.011740520558491053,0.7292890548706055,0.8060862421989441
I7,22,0.4489795918367347,23,0.011605496005136134,0.7041767239570618,0.8297291994094849
I7,23,0.46938775510204084,28,0.01142236103816908,0.6941695809364319,0.8313379287719727
I7,24,0.4897959183673469,46,0.011414224586012413,0.7037730813026428,0.842786431312561
I7,25,0.5102040816326531,38,0.010579540793384825,0.6720055341720581,0.8698356747627258
I7,26,0.5306122448979592,48,0.010451451590170665,0.6611202359199524,0.8741719722747803
I7,27,0.5510204081632653,36,0.01015599817037582,0.6547074913978577,0.8763886094093323
I7,28,0.5714285714285714,10,0.009967637609462345,0.6255683302879333,0.8728679418563843
I7,29,0.5918367346938775,5,0.009896336655531605,0.6159234642982483,0.8693991303443909
I7,30,0.6122448979591837,11,0.009624723269014944,0.6026660203933716,0.8662497997283936
I7,31,0.6326530612244898,32,0.009623642459663805,0.6218820810317993,0.8864714503288269
I7,32,0.6530612244897959,9,0.009547307631190946,0.6049935221672058,0.8970643877983093
I7,33,0.673469387755102,43,0.009349688621503966,0.5907515287399292,0.9139276742935181
I7,34,0.6938775510204082,21,0.009265832755030422,0.6175606846809387,0.9157971143722534
I7,35,0.7142857142857143,35,0.009208158266787626,0.6248124241828918,0.9189586639404297
I7,36,0.7346938775510204,22,0.00893113678511308,0.5754157304763794,0.9205496907234192
I7,37,0.7551020408163265,15,0.00858243630856884,0.5415972471237183,0.9212502837181091
I7,38,0.7755102040816326,42,0.008273254851905661,0.5145989060401917,0.9270037412643433
I7,39,0.7959183673469388,2,0.007572601188202295,0.48527735471725464,0.9357340931892395
I7,40,0.8163265306122449,12,0.007543253009112515,0.48039868474006653,0.9450859427452087
I7,41,0.8367346938775511,14,0.0073921931337337125,0.4363478422164917,0.951910674571991
I7,42,0.8571428571428571,39,0.007211987993546894,0.4531014561653137,0.9559506177902222
I7,43,0.8775510204081632,13,0.007044177122262059,0.4377756118774414,0.9604047536849976
I7,44,0.8979591836734694,8,0.006352751876930804,0.453688383102417,0.9671213626861572
I7,45,0.9183673469387755,3,0.006125863109316146,0.4373939037322998,0.9717329740524292
I7,46,0.9387755102040817,1,0.005988920411589196,0.43113332986831665,0.9731541872024536
I7,47,0.9591836734693877,0,0.005461026819384826,0.4412778615951538,0.9792146682739258
I7,48,0.9795918367346939,7,0.005439266258356518,0.45922166109085083,0.9871355295181274
I7,49,1.0,4,0.004679125030429995,0.44447243213653564,0.9999999403953552
I8,0,0.0,,,1.0,0.42966118454933167
I8,1,0.02040816326530612,11,0.030802309018920886,0.8978798389434814,0.5069254636764526
I8,2,0.04081632653061224,36,0.019142251917902302,0.8442726135253906,0.5120897889137268
I8,3,0.061224489795918366,35,0.018012708014979652,0.848638117313385,0.536744236946106
I8,4,0.08163265306122448,44,0.017761066365911033,0.8289853930473328,0.5313539505004883
I8,5,0.10204081632653061,12,0.016557373486611314,0.8226669430732727,0.5330847501754761
I8,6,0.12244897959183673,45,0.016174340962755444,0.8112646341323853,0.542763888835907
I8,7,0.14285714285714285,18,0.015179885703386095,0.7953802943229675,0.5904414653778076
I8,8,0.16326530612244897,10,0.015107696913943003,0.7893440127372742,0.6186754703521729
I8,9,0.1836734693877551,4,0.015065932513347691,0.7926680445671082,0.6690581440925598
I8,10,0.20408163265306123,41,0.014759460122001408,0.8008091449737549,0.6268395185470581
I8,11,0.22448979591836735,16,0.01385733719002836,0.8147209882736206,0.6371552348136902
I8,12,0.24489795918367346,43,0.013626563533836487,0.8243554830551147,0.6292883157730103
I8,13,0.2653061224489796,46,0.013566912436971864,0.8286627531051636,0.7029156684875488
I8,14,0.2857142857142857,17,0.013533164157855276,0.8280413150787354,0.7188500761985779
I8,15,0.30612244897959184,48,0.013228754436939345,0.814033567905426,0.7564018964767456
I8,16,0.32653061224489793,47,0.013134018898162297,0.7892663478851318,0.7855663299560547
I8,17,0.3469387755102041,22,0.013058554647224286,0.7910903692245483,0.8076575398445129
I8,18,0.3673469387755102,9,0.01285876462958297,0.7770307660102844,0.8095356225967407
I8,19,0.3877551020408163,42,0.012765448426409637,0.7647760510444641,0.8092294931411743
I8,20,0.40816326530612246,40,0.012752842538210801,0.7507494688034058,0.8156222105026245
I8,21,0.42857142857142855,37,0.012706672734752,0.7248954772949219,0.8328224420547485
I8,22,0.4489795918367347,19,0.012690248804128905,0.7330820560455322,0.8397121429443359
I8,23,0.46938775510204084,29,0.012017919662959734,0.7486881017684937,0.8524618148803711
I8,24,0.4897959183673469,3,0.011391628989759754,0.7431896924972534,0.8603326082229614
I8,25,0.5102040816326531,33,0.011106639777367209,0.6907249093055725,0.8585306406021118
I8,26,0.5306122448979592,34,0.010774094440347073,0.6729442477226257,0.8799464702606201
I8,27,0.5510204081632653,2,0.010696164902527719,0.669980525970459,0.8832705020904541
I8,28,0.5714285714285714,28,0.010479905376476908,0.6434550285339355,0.8870953321456909
I8,29,0.5918367346938775,21,0.010392392871483254,0.6430549621582031,0.8907204866409302
I8,30,0.6122448979591837,32,0.010077570660077799,0.5843572616577148,0.9019305109977722
I8,31,0.6326530612244898,38,0.009955384977618045,0.6099677085876465,0.9047667384147644
I8,32,0.6530612244897959,20,0.009877746354560455,0.5963529944419861,0.9104670882225037
I8,33,0.673469387755102,13,0.009049077081132912,0.607395350933075,0.912251353263855
I8,34,0.6938775510204082,5,0.009033704594689971,0.5952536463737488,0.915303111076355
I8,35,0.7142857142857143,25,0.008937396565262157,0.5403674244880676,0.9188498258590698
I8,36,0.7346938775510204,23,0.008559568119900572,0.5503564476966858,0.9148188233375549
I8,37,0.7551020408163265,0,0.00835220491019439,0.5229806900024414,0.9136565923690796
I8,38,0.7755102040816326,1,0.00833854976357246,0.507881760597229,0.912195086479187
I8,39,0.7959183673469388,39,0.008308239053098522,0.4940689504146576,0.9196622967720032
I8,40,0.8163265306122449,24,0.007656361983746899,0.506107747554779,0.938913881778717
I8,41,0.8367346938775511,8,0.007617959600626209,0.48552408814430237,0.9354560375213623
I8,42,0.8571428571428571,15,0.0074187638428138206,0.4802349805831909,0.9297147989273071
I8,43,0.8775510204081632,7,0.006957044596878849,0.46707242727279663,0.9249135851860046
I8,44,0.8979591836734694,26,0.006892537888215512,0.4866940379142761,0.9334747791290283
I8,45,0.9183673469387755,30,0.006736008868533742,0.49352508783340454,0.944892942905426
I8,46,0.9387755102040817,31,0.006238179015261782,0.4898427128791809,0.9595251083374023
I8,47,0.9591836734693877,27,0.006107646895914663,0.5016819834709167,0.9709781408309937
I8,48,0.9795918367346939,14,0.005894190707833186,0.5199445486068726,0.9868530035018921
I8,49,1.0,6,0.005129626495953725,0.4296610653400421,1.0000001192092896
I9,0,0.0,,,1.0000001192092896,0.4078536927700043
I9,1,0.02040816326530612,32,0.020375667177900975,0.8719913959503174,0.48227328062057495
I9,2,0.04081632653061224,33,0.017870350816876306,0.8627617955207825,0.476407915353775
I9,3,0.061224489795918366,41,0.01743848694070262,0.8651803135871887,0.48595574498176575
I9,4,0.08163265306122448,31,0.016868305639648924,0.8755069971084595,0.5484547019004822
I9,5,0.10204081632653061,40,0.016515037729119768,0.8688068985939026,0.6021428108215332
I9,6,0.12244897959183673,34,0.01601129133558394,0.8521197438240051,0.6579630374908447
I9,7,0.14285714285714285,46,0.015319089348218871,0.8583402633666992,0.6948593854904175
I9,8,0.16326530612244897,45,0.015161612850366796,0.8639988303184509,0.7145094275474548
I9,9,0.1836734693877551,39,0.014933109739605259,0.854880154132843,0.7317543625831604
I9,10,0.20408163265306123,4,0.01482831473861422,0.8563324213027954,0.7590692639350891
I9,11,0.22448979591836735,25,0.01421438127147907,0.8533779382705688,0.7708422541618347
I9,12,0.24489795918367346,30,0.013725270745249424,0.8500072956085205,0.7860011458396912
I9,13,0.2653061224489796,21,0.013723272069984565,0.8477539420127869,0.8060960173606873
I9,14,0.2857142857142857,42,0.0135674570516056,0.8472985625267029,0.8203012347221375
I9,15,0.30612244897959184,43,0.01288309908110876,0.840474009513855,0.8226342797279358
I9,16,0.32653061224489793,0,0.012714147624768775,0.8466721177101135,0.8570647835731506
I9,17,0.3469387755102041,3,0.01256022085340655,0.8429277539253235,0.8621048927307129
I9,18,0.3673469387755102,38,0.012551863278661446,0.8395549058914185,0.8652581572532654
I9,19,0.3877551020408163,14,0.012398661285334702,0.8416360020637512,0.8767862319946289
I9,20,0.40816326530612246,13,0.012202737054654536,0.8325530290603638,0.8890397548675537
I9,21,0.42857142857142855,44,0.012036970474434135,0.8263349533081055,0.8893761038780212
I9,22,0.4489795918367347,47,0.011970798427961308,0.8171826601028442,0.890376627445221
I9,23,0.46938775510204084,35,0.011908683203616923,0.8156009316444397,0.8962998986244202
I9,24,0.4897959183673469,20,0.011856237559446278,0.8150256872177124,0.8983426690101624
I9,25,0.5102040816326531,7,0.011692938679943284,0.8107081651687622,0.9003165364265442
I9,26,0.5306122448979592,48,0.011549963862920292,0.8026256561279297,0.9006991982460022
I9,27,0.5510204081632653,36,0.01151999310419267,0.7942821383476257,0.9034338593482971
I9,28,0.5714285714285714,26,0.011445778897222208,0.791408121585846,0.9066833853721619
I9,29,0.5918367346938775,28,0.011198803345311656,0.7800758481025696,0.9127264618873596
I9,30,0.6122448979591837,24,0.011113245724415287,0.7859718799591064,0.9138662219047546
I9,31,0.6326530612244898,29,0.01111027062395398,0.7504574060440063,0.9185196161270142
I9,32,0.6530612244897959,5,0.010881081128454935,0.7346545457839966,0.9182834625244141
I9,33,0.673469387755102,12,0.010778191404379148,0.7291222810745239,0.9203417897224426
I9,34,0.6938775510204082,9,0.010595071414599614,0.7358118295669556,0.9162576794624329
I9,35,0.7142857142857143,2,0.010504784784754922,0.7449677586555481,0.9181012511253357
I9,36,0.7346938775510204,37,0.010325844342611277,0.7186122536659241,0.9190871119499207
I9,37,0.7551020408163265,6,0.010176792227644086,0.7061125040054321,0.9121626019477844
I9,38,0.7755102040816326,27,0.01013412372190125,0.69498610496521,0.9155444502830505
I9,39,0.7959183673469388,1,0.009887559282384361,0.6666455864906311,0.9011736512184143
I9,40,0.8163265306122449,8,0.009747282963018031,0.6648892760276794,0.9047046303749084
I9,41,0.8367346938775511,22,0.00954356424662532,0.6571247577667236,0.9091051816940308
I9,42,0.8571428571428571,11,0.00948923864230818,0.6310886144638062,0.9056548476219177
I9,43,0.8775510204081632,19,0.009346316245441527,0.5781898498535156,0.9049510955810547
I9,44,0.8979591836734694,23,0.008681753156136493,0.5628558397293091,0.918470561504364
I9,45,0.9183673469387755,15,0.008536407115812205,0.5456780791282654,0.910132110118866
I9,46,0.9387755102040817,10,0.008441094157038902,0.5325612425804138,0.9086430072784424
I9,47,0.9591836734693877,18,0.008072157542468336,0.49630191922187805,0.9115827679634094
I9,48,0.9795918367346939,16,0.006892976940286404,0.4952220022678375,0.9180679321289062
I9,49,1.0,17,0.006845649749952921,0.4078538715839386,1.0
I10,0,0.0,,,1.0000001192092896,0.4201800525188446
I10,1,0.02040816326530612,10,0.05322199360448489,0.9256966710090637,0.5467842221260071
I10,2,0.04081632653061224,9,0.03629102460963992,0.8886578679084778,0.5378488898277283
I10,3,0.061224489795918366,11,0.036078236483949803,0.8709287643432617,0.6137023568153381
I10,4,0.08163265306122448,6,0.01934115128705696,0.8578802347183228,0.6421984434127808
I10,5,0.10204081632653061,2,0.01668456806896292,0.8480552434921265,0.7055660486221313
I10,6,0.12244897959183673,3,0.0161523203536564,0.83803391456604,0.7008244395256042
I10,7,0.14285714285714285,17,0.015531976992378429,0.7442357540130615,0.7354772090911865
I10,8,0.16326530612244897,5,0.014385006200446152,0.7332832217216492,0.7722374796867371
I10,9,0.1836734693877551,16,0.014062853568062498,0.7297077775001526,0.7995791435241699
I10,10,0.20408163265306123,18,0.013673570387217462,0.7728186845779419,0.7669668793678284
I10,11,0.22448979591836735,15,0.012951664037394289,0.7621935606002808,0.7532100081443787
I10,12,0.24489795918367346,12,0.012886288442782001,0.7911162972450256,0.7579455375671387
I10,13,0.2653061224489796,34,0.01256752626172134,0.7871071696281433,0.7594214081764221
I10,14,0.2857142857142857,1,0.011894893490386249,0.7850518822669983,0.7595345973968506
I10,15,0.30612244897959184,21,0.011869983481509354,0.7824063897132874,0.7861120104789734
I10,16,0.32653061224489793,33,0.011565713991163948,0.7687364220619202,0.7932577729225159
I10,17,0.3469387755102041,8,0.01145656555130774,0.7719513177871704,0.8175516128540039
I10,18,0.3673469387755102,25,0.011376180514997364,0.7090693712234497,0.832790195941925
I10,19,0.3877551020408163,46,0.011224042130063986,0.7033560872077942,0.8415478467941284
I10,20,0.40816326530612246,14,0.011184271862160191,0.7101311683654785,0.8466798663139343
I10,21,0.42857142857142855,0,0.011096310155580234,0.6951030492782593,0.8522964119911194
I10,22,0.4489795918367347,26,0.011052134997990671,0.6912684440612793,0.8531986474990845
I10,23,0.46938775510204084,27,0.010944119825655097,0.6734960675239563,0.8547145128250122
I10,24,0.4897959183673469,32,0.010663093980021627,0.6665891408920288,0.8641084432601929
I10,25,0.5102040816326531,4,0.010425682464728553,0.6635703444480896,0.8694233894348145
I10,26,0.5306122448979592,22,0.009892322731261354,0.660714864730835,0.9003850817680359
I10,27,0.5510204081632653,19,0.009625670861224745,0.66530841588974,0.9036110043525696
I10,28,0.5714285714285714,24,0.009570791100969114,0.6596540212631226,0.9071758985519409
I10,29,0.5918367346938775,7,0.009319522437088343,0.6400666236877441,0.9125860333442688
I10,30,0.6122448979591837,20,0.008498373992589061,0.6329480409622192,0.9184457659721375
I10,31,0.6326530612244898,41,0.008139092551202194,0.5952643156051636,0.9162112474441528
I10,32,0.6530612244897959,42,0.007820351125330345,0.6078058481216431,0.9109366536140442
I10,33,0.673469387755102,47,0.007768816314637661,0.6395231485366821,0.9099703431129456
I10,34,0.6938775510204082,36,0.007630924865299336,0.6336023807525635,0.8976531624794006
I10,35,0.7142857142857143,31,0.007366481598238561,0.6139748692512512,0.8844731450080872
I10,36,0.7346938775510204,40,0.007201128202129386,0.6086012721061707,0.8789272308349609
I10,37,0.7551020408163265,48,0.007199162370240196,0.6084505319595337,0.8878787159919739
I10,38,0.7755102040816326,39,0.007156581750937875,0.5657846331596375,0.9036877751350403
I10,39,0.7959183673469388,23,0.007005577032663378,0.5540079474449158,0.9240640997886658
I10,40,0.8163265306122449,43,0.006935545984579591,0.5468593239784241,0.9272626638412476
I10,41,0.8367346938775511,28,0.006881699270131629,0.5345117449760437,0.9322014451026917
I10,42,0.8571428571428571,13,0.006862355586217375,0.5233074426651001,0.9282673597335815
I10,43,0.8775510204081632,45,0.006670001742182946,0.5408263206481934,0.9173324108123779
I10,44,0.8979591836734694,35,0.0062736215031876826,0.515631914138794,0.9073410034179688
I10,45,0.9183673469387755,29,0.00608482443708546,0.46108299493789673,0.8895356059074402
I10,46,0.9387755102040817,38,0.005158592623715497,0.4811943471431732,0.9024808406829834
I10,47,0.9591836734693877,30,0.004255717202108736,0.4814061224460602,0.953644335269928
I10,48,0.9795918367346939,44,0.004043310424503011,0.4796243906021118,0.9721982479095459
I10,49,1.0,37,0.0038783388326362697,0.4201800227165222,1.0000001192092896
