image_id,original_score,fully_blurred_score,patches,deletion_auc,insertion_auc,aopc,aopc_drop_f10,aopc_drop_f20,aopc_drop_f30,aopc_drop_f50,patches_removed_f10,patches_removed_f20,patches_removed_f30,patches_removed_f50,max_shap_patch_index,max_shap_patch_row,max_shap_patch_col,max_shap_patch_value,max_shap_centre_x_model_input,max_shap_centre_y_model_input,max_shap_centre_x_original_image,max_shap_centre_y_original_image,pointing_game_target,pointing_game_boxes,pointing_game_hit,pointing_game_hit_no_tolerance,pointing_game_status
I1,1.0,0.480971097946167,49,0.741801200776684,0.8775784123917014,0.18200190365314484,0.10992968082427979,0.12203562259674072,0.22985661029815674,0.2661857008934021,5,10,15,25,41,5,6,0.03504463465770288,208.0,176.0,392.86,261.64285714285717,horse,2,0,0,evaluated (author-annotated box)
I2,1.0,0.5068135261535645,49,0.7341111320622112,0.8751965627378346,0.13406097888946533,0.05655878782272339,0.09704560041427612,0.13380908966064453,0.24883043766021729,5,10,15,25,27,3,6,0.01970903837711227,208.0,112.0,411.0742857142857,187.5,people,1,1,0,evaluated (author-annotated box)
I3,1.0,0.4710845947265625,49,0.7676518410444259,0.8902276343837076,0.1562429815530777,0.11403155326843262,0.1327124834060669,0.15206170082092285,0.22616618871688843,5,10,15,25,41,5,6,0.024727572820016332,208.0,176.0,383.7514285714286,245.92857142857142,person,1,1,1,evaluated (author-annotated box)
I4,1.0,0.5640976428985596,49,0.7679069504445912,0.9330813276524446,0.1790219247341156,0.19035297632217407,0.1699284315109253,0.16332918405532837,0.19247710704803467,5,10,15,25,24,3,3,0.04278177517105122,112.0,112.0,250.0,187.5,kayak with paddler,1,1,1,evaluated (author-annotated box)
I5,0.9999999403953552,0.49923115968704224,49,0.6559784871583082,0.8819650767409071,0.33581016957759857,0.26086753606796265,0.32382988929748535,0.3994010090827942,0.3591422438621521,5,10,15,25,17,2,3,0.052818018258834386,112.0,80.0,200.00000000000003,113.21428571428571,dogs,1,1,1,evaluated (author-annotated box)
I6,1.0,0.2962304949760437,49,0.6365525427521491,0.7640424598844683,0.20754747092723846,0.12244224548339844,0.1501021385192871,0.2314637303352356,0.3261817693710327,5,10,15,25,44,6,2,0.03662770372644372,80.0,208.0,196.30857142857144,348.2142857142857,painted puppet-theatre cart,1,1,1,evaluated (author-annotated box)
I7,1.0,0.4444723427295685,49,0.6862889619506135,0.8062597820345235,0.19275350868701935,0.059560298919677734,0.13087761402130127,0.2525816559791565,0.3279944658279419,5,10,15,25,18,2,4,0.021066873201302124,144.0,80.0,297.62,118.92857142857143,people (vendors),1,1,1,evaluated (author-annotated box)
I8,1.0,0.42966118454933167,49,0.6783488067437191,0.801807058404903,0.21794135868549347,0.1773330569267273,0.19919085502624512,0.18596643209457397,0.3092750906944275,5,10,15,25,11,1,4,0.030802309018920886,144.0,48.0,298.48571428571427,72.64285714285714,person,1,1,1,evaluated (author-annotated box)
I9,1.0,0.4078540503978729,49,0.7645020256845317,0.8297214334716602,0.1559196263551712,0.1311931014060974,0.1436675786972046,0.15952599048614502,0.1892918348312378,5,10,15,25,32,4,4,0.020375667177900975,144.0,144.0,266.14285714285717,309.26,people (couple),1,1,0,evaluated (author-annotated box)
I10,1.0,0.4201800227165222,49,0.6761364577984322,0.8318232148885726,0.23328733444213867,0.15194475650787354,0.2271813154220581,0.21759361028671265,0.3364296555519104,5,10,15,25,10,1,3,0.05322199360448489,112.0,48.0,250.0,71.35714285714286,child,1,1,1,evaluated (author-annotated box)
