sentence_id,text,gold_label,source_split,source_row_id,selection_seed,clip_bpe_token_count,over_clip_token_limit,text_sha256,normalized_text_sha256
ST00001,no way,NEG,sst2_train,12429,42,4,0,361991746ea1a0a19a220efeecfd52030d83ae57b452d87c39f0a5c4364a44ce,361991746ea1a0a19a220efeecfd52030d83ae57b452d87c39f0a5c4364a44ce
ST00002,hate yourself,NEG,sst2_train,42820,42,4,0,4da3ee08bd82874ddc942335c6d0edab042fd0c3a04fd2d0c6474a35efb078ff,4da3ee08bd82874ddc942335c6d0edab042fd0c3a04fd2d0c6474a35efb078ff
ST00003,completely awful,NEG,sst2_train,50245,42,4,0,9db37641d0aa9529ca3cacfcd5ede94217a16533ee1f1bb2b05e3fe6740a278b,9db37641d0aa9529ca3cacfcd5ede94217a16533ee1f1bb2b05e3fe6740a278b
ST00004,what a pity,NEG,sst2_train,24451,42,5,0,db9001ca38a578d6920e41e2d7101c08f0e81bb3f5e616ae0f1ac018ee56a269,db9001ca38a578d6920e41e2d7101c08f0e81bb3f5e616ae0f1ac018ee56a269
ST00005,no signs of life,NEG,sst2_train,44556,42,6,0,c3203f82af1a67113df8cba01119863cf118510d3fc7c6622421a40a231f0be1,c3203f82af1a67113df8cba01119863cf118510d3fc7c6622421a40a231f0be1
ST00006,does n't trust laughs,NEG,sst2_train,2600,42,7,0,9aa2803cf38a72093305cb7f0bf208ca079e20222c3e557f0832cdf47023abc8,d115be7e05c1bd0f7df50f7d31cc227b0489bd996b8963484c30b9c011b76702
ST00007,he forgets to make it entertaining,NEG,sst2_train,11828,42,8,0,32f1aa3ca168238a0dcb40b44b8335e8ae698f40e3db362236a6b718b976542a,32f1aa3ca168238a0dcb40b44b8335e8ae698f40e3db362236a6b718b976542a
ST00008,"cold , sterile and lacking",NEG,sst2_train,63531,42,8,0,3fcc61e00950eef100ec1a7dc1ec41f9a1dd06dddf7ff051fc6c9107652c7414,92c11004051400032279f11eac5012d79be8291423734adb2fe7e1fb11c91bfe
ST00009,ca n't really be called animation,NEG,sst2_train,63083,42,9,0,acf0656436d0651df3d600233b491a01abd7e29af51c1ae35b7e1505f400497a,52d055236f4588f69c4d3665f44c2f33f401ea5e9751b42edc1d2adba422203e
ST00010,"here a more annoying , though less angry",NEG,sst2_train,3369,42,10,0,f6f744f141b4c660bd05fb7fb6d7e0f12d4a18487982c5207d1f06af0a5ef2f9,441777cc5689cf0cb33acedbedf2faf6ba322e217b1d83c9bc15fe0cddc7e371
ST00011,doing unpleasant things to each other and themselves,NEG,sst2_train,26231,42,11,0,8cfb83e09302ce11dc745e74c7d0d809b6d5dfb8cc06ce4a4115a672ee1df32d,8cfb83e09302ce11dc745e74c7d0d809b6d5dfb8cc06ce4a4115a672ee1df32d
ST00012,is one of the biggest disappointments of the year,NEG,sst2_train,18704,42,12,0,830cfb45185aafcfb0af67594b134c19770b429b815b0dc934e70b9ab5d32ebf,830cfb45185aafcfb0af67594b134c19770b429b815b0dc934e70b9ab5d32ebf
ST00013,the densest distillation of roberts ' movies ever made .,NEG,sst2_train,46955,42,15,0,1559dfe0a4f0b95c289fb40c27c86ed20bf4c59f8c5e9252f5ce6bc312897a2b,c5d03a8585012048b209c692469fa2959bb0a24c50835981120fc8616a8e2e15
ST00014,those films that started with a great premise and then just fell apart,NEG,sst2_train,61910,42,15,0,c66eb22d40c21c4ce06159271440ce84f62587c0ef3d186c55fceacc32470396,c66eb22d40c21c4ce06159271440ce84f62587c0ef3d186c55fceacc32470396
ST00015,to the horrors of the killing field and the barbarism of ` ethnic cleansing,NEG,sst2_train,50833,42,17,0,06d12886c40d65f0187ab3af2f282a84b2be3d5f642de326b8c25a3c5e2945ab,51f1fbdc6f2ac02a3457d8474bb335caad9bc60e2cf915df5b708aef1a8bc39b
ST00016,is so tame that even slightly wised-up kids would quickly change the channel,NEG,sst2_train,31158,42,18,0,cced90739bcd7bab5ce5a8f10cee69f22ba556f4b003a2847917e8cc9a2d77ba,61e009918452aa52e1680451886e86f3ed46b1749c3d3a282b618ce74a2b26a7
ST00017,"to be influenced chiefly by humanity 's greatest shame , reality shows -- reality shows for god 's sake !",NEG,sst2_train,54619,42,23,0,445b91a2edc2fb62342d13d9393dd9c74c2a615024f5086c779ee847d3098eb8,cac1a697b1c9495d796107f38524f7afa8e880668468ab1910aa160a685a66d2
ST00018,"it 's difficult to conceive of anyone who has reached puberty actually finding the characters in slackers or their antics amusing , let alone funny .",NEG,sst2_train,27649,42,30,0,a646653a30717c5f094e6619fb01e79cbfb28a980be0a43b03ee6a1d6110d791,34d9c307bd9ddf85b3f4d0bfe1dd788aa928d3c22b6831cddd1df0c004b4708d
ST00019,"it 's been 13 months and 295 preview screenings since i last walked out on a movie , but resident evil really earned my indignant , preemptive departure",NEG,sst2_train,35120,42,37,0,94ed11af186c4c2254c17732da0ab962693868ffd6d0432f28ec4ae37e46c40a,22ccd54d88c9c493bd6a08ea7a8bf50b6affd6d6a039ba3e4d4afc84924f6933
ST00020,"'s hard to care about a film that proposes as epic tragedy the plight of a callow rich boy who is forced to choose between his beautiful , self-satisfied 22-year-old girlfriend and an equally beautiful , self-satisfied 18-year-old mistress .",NEG,sst2_train,45206,42,57,0,66ba8e4fb55ff4942619507817295817197851e93ec6e34c8f36c8abcda26cd2,18c6182a3c09cf9d976efe2a027d6193a2066ca885e9dc1867962772965f5f44
ST00021,charismatic,POS,sst2_train,23005,42,3,0,e7f1239801a55a4d3fb771564a8c6dc7a0c2f930c79bc1b47b8fcea2a0df4ac0,e7f1239801a55a4d3fb771564a8c6dc7a0c2f930c79bc1b47b8fcea2a0df4ac0
ST00022,than franchise possibilities,POS,sst2_train,4557,42,5,0,961e16d11eb6ed95cc0548cec8af31a869e1e68d32fa0de89c1b1ca3d8a463ad,961e16d11eb6ed95cc0548cec8af31a869e1e68d32fa0de89c1b1ca3d8a463ad
ST00023,amiable picture,POS,sst2_train,31312,42,5,0,39dbc4b521030bcc6ab69dffac1e44999c894779dae1534b3b127c4f44368760,39dbc4b521030bcc6ab69dffac1e44999c894779dae1534b3b127c4f44368760
ST00024,costner 's,POS,sst2_train,46444,42,5,0,d25a100a3f71258b60331a003fc827ac70cf81c4a9aaecbf66b86f48e88b3136,7d67b103d794cc3d6f5febabe972eae68079d6210ec91c85a88e56ad35104aab
ST00025,with square conviction,POS,sst2_train,50560,42,5,0,6b49e2bc5a0967b6220be538b4b2c2c01b550d062b845f08bb1b5e69fe289591,6b49e2bc5a0967b6220be538b4b2c2c01b550d062b845f08bb1b5e69fe289591
ST00026,give credit to affleck,POS,sst2_train,10683,42,6,0,86eec8cec6d3b59c267855e8946642d59083844c38505aa6f5fc7247c744a0a8,86eec8cec6d3b59c267855e8946642d59083844c38505aa6f5fc7247c744a0a8
ST00027,something rare and riveting,POS,sst2_train,30608,42,6,0,5900769941041486f1f9f560e4f6b32713dc4427826aa4f152b31449b000f69c,5900769941041486f1f9f560e4f6b32713dc4427826aa4f152b31449b000f69c
ST00028,may pick up new admirers,POS,sst2_train,31289,42,8,0,8cfdcdb9089e9c6a13e18a1509a857b8be275b2af5b1dd69e997be308fb22fc4,8cfdcdb9089e9c6a13e18a1509a857b8be275b2af5b1dd69e997be308fb22fc4
ST00029,are more compelling than the execution,POS,sst2_train,56450,42,8,0,dddf29142e165d899835cd8bf5a60e5e5c62ae870f6f6d1611e1feb3e5c1ef1f,dddf29142e165d899835cd8bf5a60e5e5c62ae870f6f6d1611e1feb3e5c1ef1f
ST00030,for a summer of good stuff,POS,sst2_train,58544,42,8,0,8f77c85fb696a8abf7398a273cad2b135c8e62d0cd397b87a93a1f7d42ee4669,8f77c85fb696a8abf7398a273cad2b135c8e62d0cd397b87a93a1f7d42ee4669
ST00031,care about its protagonist and celebrate his victories,POS,sst2_train,7788,42,10,0,8450838eb9650aed5ed386a75b67a873ca7af11a65a57b3acd92e480069ee5c1,8450838eb9650aed5ed386a75b67a873ca7af11a65a57b3acd92e480069ee5c1
ST00032,a very good ( but not great ) movie,POS,sst2_train,6460,42,11,0,25e08dee8999d48d45f4e8886294579643590bee26a5b7558d451d9083ca6358,04a2aee980be13ebb16c1494700b5056a657d383fbfae71100ac38ef43193311
ST00033,"steinis quirky , charming and often hilarious .",POS,sst2_train,26054,42,11,0,87bda51a10c9691fc819d6d6b9d62512f19378e053022cf46450d8aa5475f270,cad79e289ec4f23b7c36d2fd73a79add5f4e5cc2f05d034689ae6a5bf2fd3293
ST00034,provoke introspection in both its characters and its audience,POS,sst2_train,2552,42,14,0,9a193228694eae8cf8923fb768ab29c5ad71f28d7577a8c8fcf02ece5031cc0c,9a193228694eae8cf8923fb768ab29c5ad71f28d7577a8c8fcf02ece5031cc0c
ST00035,"even when there are lulls , the emotions seem authentic ,",POS,sst2_train,36048,42,14,0,56ce31663b35f86d1aea1a37fff87bafb0dead06653bbaeaa4aa3eb6f5b13088,307119d1199863e1c79b3b405a04b065dd59231c592db4c6b2723b146691fc67
ST00036,to a woman whose passion for this region and its inhabitants still shines in her quiet blue eyes,POS,sst2_train,24941,42,20,0,222cca012422615dba8834a5862f3e59b487a96b7c3ff1043644d77767288fa8,222cca012422615dba8834a5862f3e59b487a96b7c3ff1043644d77767288fa8
ST00037,"it is does not rely on dumb gags , anatomical humor , or character cliches",POS,sst2_train,26090,42,20,0,5890600a4e5621c0dbe43dbf9456f6da9466e254a8a2169f6018b48aa921ed73,303ee7ca44b623920b39b88970e8a5c8f9585b8a2c1c1f48fba1848be9e5af8c
ST00038,", this deeply moving french drama develops a startling story that works both as a detailed personal portrait and as a rather frightening examination of modern times .",POS,sst2_train,9873,42,31,0,ba31f2f135198db838ac59f4fa1880981eadc5423af590249d3355a6fd603f26,68aacc425d57117bc0621625e1daa4f3f890d82bf7ead5216826956104990700
ST00039,"'s enough to watch huppert scheming , with her small , intelligent eyes as steady as any noir villain , and to enjoy the perfectly pitched web of tension that chabrol spins .",POS,sst2_train,30681,42,39,0,b5616372381582424d96fe34da58d3a4c57b3e6d58cf62f1f6f7e4ba4b8d572a,8d6c61aa5f146586f28bd5c087bc6ed0958a0edf6c3614a2a5f323653e499bfa
ST00040,"functions as both a revealing look at the collaborative process and a timely , tongue-in-cheek profile of the corporate circus that is the recording industry in the current climate of mergers and downsizing .",POS,sst2_train,24214,42,42,0,b5b013c161b96d9d1622992d69043f97554c9b4cee0a637fda2be29346d4cf13,3e20af8d57c808d465480b612cf4155b0c70655058d812b5d9ae2b7bba8311a8
