group,report_file,source_file,bytes,sha256
bert_clip_faithfulness_metrics,01_bert_clip_faithfulness_metrics/comparison_table.md,bert_clip_shap_faithfulness_metrics/outputs/comparison_table.md,2561,e0b985c8bfbefeb86f14a9ab10993e1485d701f392bf81e60aaa0202ab97a7c5
bert_clip_faithfulness_metrics,01_bert_clip_faithfulness_metrics/comparison_table.csv,bert_clip_shap_faithfulness_metrics/outputs/comparison_table.csv,512,980ec834349ecce5f8ae68acb1ba645fbb821e34aa9f2befc2d8da31d6114113
bert_clip_faithfulness_metrics,01_bert_clip_faithfulness_metrics/comparison_table.tex,bert_clip_shap_faithfulness_metrics/outputs/comparison_table.tex,509,deb92e6b5e87ae1832201d2ef840e818138e7bdbc3ab948176cceb6b036cc10b
bert_clip_faithfulness_metrics,01_bert_clip_faithfulness_metrics/per_sentence_metrics.csv,bert_clip_shap_faithfulness_metrics/outputs/per_sentence_metrics.csv,750683,09089fc896af6be8890b5a5246afe46d3b72142241143d9e7787b8835536a185
bert_clip_faithfulness_metrics,01_bert_clip_faithfulness_metrics/aggregate_by_fraction.csv,bert_clip_shap_faithfulness_metrics/outputs/aggregate_by_fraction.csv,1621,e1b531743fd2fb407d79900540bf62d10026bfc04d39da4cad2d13a3eb941e05
bert_clip_faithfulness_metrics,01_bert_clip_faithfulness_metrics/perturbation_audit.csv,bert_clip_shap_faithfulness_metrics/outputs/perturbation_audit.csv,1128233,88432758ec1d5c0af621c47017230ab290efc7199c8e0d5350baab9364e14cd6
bert_clip_faithfulness_metrics,01_bert_clip_faithfulness_metrics/rationale_reference_words.csv,bert_clip_shap_faithfulness_metrics/outputs/rationale_reference_words.csv,257355,3728b03f297e626eab56b3aef15cacd2c2dde5cc1e0e7a7cb888618cf0709a69
bert_clip_faithfulness_metrics,01_bert_clip_faithfulness_metrics/checks.json,bert_clip_shap_faithfulness_metrics/outputs/checks.json,6340,04c6505981c2ffe496fb1852bbc692904c787a845358b4f60757a5b75586c0e6
bert_clip_faithfulness_metrics,01_bert_clip_faithfulness_metrics/EXPERIMENT_README.md,bert_clip_shap_faithfulness_metrics/README.md,8228,b52a91a0e15e000fe3d6ec682a3996d0db3d3d805dab225f8db139164cea1290
dual_class_bert,02_dual_class_bert_S1_S10/S1/S1_dual_class_word_bar.png,bert_shap/dual_class_bert/outputs/plots/bert_dual_20_curated/S1/S1_dual_class_word_bar.png,271822,dd60ed2b40ed63aff9b4bdee7448e4d37dfea669ebe3f9d1318385c1dc50295a
dual_class_bert,02_dual_class_bert_S1_S10/S1/S1_dual_class_word_bar.pdf,bert_shap/dual_class_bert/outputs/plots/bert_dual_20_curated/S1/S1_dual_class_word_bar.pdf,19926,3e61774929c11fd9059e373e644720d5d044793f855f576aef3ee98e06e91fd5
dual_class_bert,02_dual_class_bert_S1_S10/S1/S1_presentation_overview.png,bert_shap/dual_class_bert/outputs/plots/bert_dual_20_curated/S1/S1_presentation_overview.png,348013,ef798ab027dc8a97fe232d92d25bd0ca119d146d0199e0bddb9b824a03c0d253
dual_class_bert,02_dual_class_bert_S1_S10/S1/S1_presentation_overview.pdf,bert_shap/dual_class_bert/outputs/plots/bert_dual_20_curated/S1/S1_presentation_overview.pdf,36490,b56cf9144b73f77205ec6711d1c31679ef8b90c91c55f49b6c7b1474fe72e338
dual_class_bert,02_dual_class_bert_S1_S10/S1/S1_summary_matrix.png,bert_shap/dual_class_bert/outputs/plots/bert_dual_20_curated/S1/S1_summary_matrix.png,191082,1794e0b540f639cd25b38f14951254ef1b28cf5b8086fa96e3018cc73c07b6a1
dual_class_bert,02_dual_class_bert_S1_S10/S1/S1_summary_matrix.pdf,bert_shap/dual_class_bert/outputs/plots/bert_dual_20_curated/S1/S1_summary_matrix.pdf,23604,2567fa6bc212e81a45df36504e81a890f6780e54e2d631508e3aba6954ea0f07
dual_class_bert,02_dual_class_bert_S1_S10/S1/S1_token_class_matrix.png,bert_shap/dual_class_bert/outputs/plots/bert_dual_20_curated/S1/S1_token_class_matrix.png,235021,6721d1ae0a0cc6d46117dd6c0a1229831ed5cd9361f72866c5df836bc49304a5
dual_class_bert,02_dual_class_bert_S1_S10/S1/S1_token_class_matrix.pdf,bert_shap/dual_class_bert/outputs/plots/bert_dual_20_curated/S1/S1_token_class_matrix.pdf,37627,6dcdc3cea6556de74045bab5e222ff9e4cf20dfe6f7ccb3f5e619d6f2a7544c3
dual_class_bert,02_dual_class_bert_S1_S10/S1/S1_word_class_matrix.png,bert_shap/dual_class_bert/outputs/plots/bert_dual_20_curated/S1/S1_word_class_matrix.png,191135,4a251e5a92b017ff34cee17258f57eeb10b229776515cc3f35be82cfed60924d
dual_class_bert,02_dual_class_bert_S1_S10/S1/S1_word_class_matrix.pdf,bert_shap/dual_class_bert/outputs/plots/bert_dual_20_curated/S1/S1_word_class_matrix.pdf,32090,d312d3344f556da33d985c425066563ad92fd24e11474e4afb14b984d59fba22
dual_class_bert,02_dual_class_bert_S1_S10/S2/S2_dual_class_word_bar.png,bert_shap/dual_class_bert/outputs/plots/bert_dual_20_curated/S2/S2_dual_class_word_bar.png,265966,3f1d1f5f24c32cfd5ea3ccfb2747b326210a17274e925758e782cd493e890844
dual_class_bert,02_dual_class_bert_S1_S10/S2/S2_dual_class_word_bar.pdf,bert_shap/dual_class_bert/outputs/plots/bert_dual_20_curated/S2/S2_dual_class_word_bar.pdf,20232,d41e87907805d7515b283818c32d88b719dc2a201ecff60b16877015881c0c2f
dual_class_bert,02_dual_class_bert_S1_S10/S2/S2_presentation_overview.png,bert_shap/dual_class_bert/outputs/plots/bert_dual_20_curated/S2/S2_presentation_overview.png,335223,396cad3dc72796db916c27eb5fa6316c92d93312335c5369ba5bae72338770e7
dual_class_bert,02_dual_class_bert_S1_S10/S2/S2_presentation_overview.pdf,bert_shap/dual_class_bert/outputs/plots/bert_dual_20_curated/S2/S2_presentation_overview.pdf,36888,72494fc246a57db6c013497e4543d2dd4652139c5373e48527666d7247da3c96
dual_class_bert,02_dual_class_bert_S1_S10/S2/S2_summary_matrix.png,bert_shap/dual_class_bert/outputs/plots/bert_dual_20_curated/S2/S2_summary_matrix.png,190463,2b9d9ab690fa6134dbbe2c0cbb193b961652a4e38b396a654af89c5666e86a3a
dual_class_bert,02_dual_class_bert_S1_S10/S2/S2_summary_matrix.pdf,bert_shap/dual_class_bert/outputs/plots/bert_dual_20_curated/S2/S2_summary_matrix.pdf,23601,7bfb8edd14a1508523bb273aad3db56f05d9b2eb771fbef8fce128b2077e0ff1
dual_class_bert,02_dual_class_bert_S1_S10/S2/S2_token_class_matrix.png,bert_shap/dual_class_bert/outputs/plots/bert_dual_20_curated/S2/S2_token_class_matrix.png,201025,f614f4a61b9850efef0e518b277a07fe7ab08d6445cc2e3a0a92cfdc32495348
dual_class_bert,02_dual_class_bert_S1_S10/S2/S2_token_class_matrix.pdf,bert_shap/dual_class_bert/outputs/plots/bert_dual_20_curated/S2/S2_token_class_matrix.pdf,34754,f23267fc487e85b891c4d83e3891b30e2038ea9ffd7a6303b21e15f6e1f565e2
dual_class_bert,02_dual_class_bert_S1_S10/S2/S2_word_class_matrix.png,bert_shap/dual_class_bert/outputs/plots/bert_dual_20_curated/S2/S2_word_class_matrix.png,176337,d8ae4332d7f2ccf932faf0058a10289f04737dfebd66980ab8f4fd33ee92119d
dual_class_bert,02_dual_class_bert_S1_S10/S2/S2_word_class_matrix.pdf,bert_shap/dual_class_bert/outputs/plots/bert_dual_20_curated/S2/S2_word_class_matrix.pdf,31573,0a5712a83085611028616388b436c195abb2ac9bcffe2d29b20d8eac32773c96
dual_class_bert,02_dual_class_bert_S1_S10/S3/S3_dual_class_word_bar.png,bert_shap/dual_class_bert/outputs/plots/bert_dual_20_curated/S3/S3_dual_class_word_bar.png,288154,a794c8c29bcb90f802bfc965646a25f74f23132fea2359c36856ff6475d52400
dual_class_bert,02_dual_class_bert_S1_S10/S3/S3_dual_class_word_bar.pdf,bert_shap/dual_class_bert/outputs/plots/bert_dual_20_curated/S3/S3_dual_class_word_bar.pdf,20763,ce6664fef5572800d4e4c94a9e8670cac26aff47b7c8d044e1496d5667c4a063
dual_class_bert,02_dual_class_bert_S1_S10/S3/S3_presentation_overview.png,bert_shap/dual_class_bert/outputs/plots/bert_dual_20_curated/S3/S3_presentation_overview.png,361209,1e0faf6a4820ca94821b72211b918633d240a6911f74a7c2276470eba75be6da
dual_class_bert,02_dual_class_bert_S1_S10/S3/S3_presentation_overview.pdf,bert_shap/dual_class_bert/outputs/plots/bert_dual_20_curated/S3/S3_presentation_overview.pdf,37014,0d710f823fb29b3e44a329b58a4793b631d99ffc1e64fee3ac6fc0332a873d28
dual_class_bert,02_dual_class_bert_S1_S10/S3/S3_summary_matrix.png,bert_shap/dual_class_bert/outputs/plots/bert_dual_20_curated/S3/S3_summary_matrix.png,189686,5a7acb625940804da0066994becdebe3e7633870166a7ad116feabbf5a9dcda4
dual_class_bert,02_dual_class_bert_S1_S10/S3/S3_summary_matrix.pdf,bert_shap/dual_class_bert/outputs/plots/bert_dual_20_curated/S3/S3_summary_matrix.pdf,23951,9656d6eb9d4d16234c8454a4e996b94f5c39ee5466f75b40deb406c9a86a92ac
dual_class_bert,02_dual_class_bert_S1_S10/S3/S3_token_class_matrix.png,bert_shap/dual_class_bert/outputs/plots/bert_dual_20_curated/S3/S3_token_class_matrix.png,235955,4584c38dcac0840d94a78d585d3410926c986a20d3cbde6631f3cc8c9e77985b
dual_class_bert,02_dual_class_bert_S1_S10/S3/S3_token_class_matrix.pdf,bert_shap/dual_class_bert/outputs/plots/bert_dual_20_curated/S3/S3_token_class_matrix.pdf,33990,115461e9cf769a4a535eac08b0d4b3805f7744ef6f785e4d719d78a124a77729
dual_class_bert,02_dual_class_bert_S1_S10/S3/S3_word_class_matrix.png,bert_shap/dual_class_bert/outputs/plots/bert_dual_20_curated/S3/S3_word_class_matrix.png,204651,74430b5097228062f6e05cea037c31bc0a543db1a6c63527aee46ee69aa47334
dual_class_bert,02_dual_class_bert_S1_S10/S3/S3_word_class_matrix.pdf,bert_shap/dual_class_bert/outputs/plots/bert_dual_20_curated/S3/S3_word_class_matrix.pdf,31674,c10979c74bdd04590d20c7e83bed7107cb330e5faf5a7a4a19d7664b13364871
dual_class_bert,02_dual_class_bert_S1_S10/S4/S4_dual_class_word_bar.png,bert_shap/dual_class_bert/outputs/plots/bert_dual_20_curated/S4/S4_dual_class_word_bar.png,235540,7f5c8d89622611be1e87958f2b1d60a9bfbd3969d5e7c5e772528e3bfaab8213
dual_class_bert,02_dual_class_bert_S1_S10/S4/S4_dual_class_word_bar.pdf,bert_shap/dual_class_bert/outputs/plots/bert_dual_20_curated/S4/S4_dual_class_word_bar.pdf,20122,3364bec0a63658805fc64f5d8e2b826cf7605515b271f9205b09e671429916b5
dual_class_bert,02_dual_class_bert_S1_S10/S4/S4_presentation_overview.png,bert_shap/dual_class_bert/outputs/plots/bert_dual_20_curated/S4/S4_presentation_overview.png,324384,eaaaf19fc2183c79833443fb28cb4d51b3da7a069fdec8c5138b436bf07f3921
dual_class_bert,02_dual_class_bert_S1_S10/S4/S4_presentation_overview.pdf,bert_shap/dual_class_bert/outputs/plots/bert_dual_20_curated/S4/S4_presentation_overview.pdf,32262,301061d735e354812969a5167f7ba416839201908d111f571f9c4330c0c7cfba
dual_class_bert,02_dual_class_bert_S1_S10/S4/S4_summary_matrix.png,bert_shap/dual_class_bert/outputs/plots/bert_dual_20_curated/S4/S4_summary_matrix.png,188553,ddd56dbdc0cd2109d02dd4d02c883e44af9f6830ef6ed2495726eb323621fa34
dual_class_bert,02_dual_class_bert_S1_S10/S4/S4_summary_matrix.pdf,bert_shap/dual_class_bert/outputs/plots/bert_dual_20_curated/S4/S4_summary_matrix.pdf,23786,5677bad2e08aa4d244116ec0ddfcd8a4c77dca652a4d483f764725fcf3d66f6d
dual_class_bert,02_dual_class_bert_S1_S10/S4/S4_token_class_matrix.png,bert_shap/dual_class_bert/outputs/plots/bert_dual_20_curated/S4/S4_token_class_matrix.png,208168,15483820b2728c8d6864187db27f9113d6851b682ded2b73101400c1088735b3
dual_class_bert,02_dual_class_bert_S1_S10/S4/S4_token_class_matrix.pdf,bert_shap/dual_class_bert/outputs/plots/bert_dual_20_curated/S4/S4_token_class_matrix.pdf,34209,4842d89ee4b9c9d268a3de86ee4124b408f2f56b952fc5207a215cf790fd468a
dual_class_bert,02_dual_class_bert_S1_S10/S4/S4_word_class_matrix.png,bert_shap/dual_class_bert/outputs/plots/bert_dual_20_curated/S4/S4_word_class_matrix.png,159480,efcf6088e4ec7a9c924e0d764d6cb56c079dbca93ecc80a28512f490fa01c43e
dual_class_bert,02_dual_class_bert_S1_S10/S4/S4_word_class_matrix.pdf,bert_shap/dual_class_bert/outputs/plots/bert_dual_20_curated/S4/S4_word_class_matrix.pdf,24458,a00c21c643fd6327bb66d9d4b7fb085c524764f19c90a93b365d7f6e09ce582f
dual_class_bert,02_dual_class_bert_S1_S10/S5/S5_dual_class_word_bar.png,bert_shap/dual_class_bert/outputs/plots/bert_dual_20_curated/S5/S5_dual_class_word_bar.png,286713,c4815d0ee154b1f0212f6ccdbb156edd0ff6573b937d6a67da763c9d631b3cf2
dual_class_bert,02_dual_class_bert_S1_S10/S5/S5_dual_class_word_bar.pdf,bert_shap/dual_class_bert/outputs/plots/bert_dual_20_curated/S5/S5_dual_class_word_bar.pdf,20068,1439b9205138b2c3576683265a766d9d51501f3f4494388c4f19fd234b3f113c
dual_class_bert,02_dual_class_bert_S1_S10/S5/S5_presentation_overview.png,bert_shap/dual_class_bert/outputs/plots/bert_dual_20_curated/S5/S5_presentation_overview.png,364961,f2eb720540c827deabe30162744cd79b9d233a3839efef76aae43b95449be1a2
dual_class_bert,02_dual_class_bert_S1_S10/S5/S5_presentation_overview.pdf,bert_shap/dual_class_bert/outputs/plots/bert_dual_20_curated/S5/S5_presentation_overview.pdf,37260,76b9f47d95191900798289980eb08e455639d2b349dabb923b1b7bf438ea60f6
dual_class_bert,02_dual_class_bert_S1_S10/S5/S5_summary_matrix.png,bert_shap/dual_class_bert/outputs/plots/bert_dual_20_curated/S5/S5_summary_matrix.png,191832,9b91a0eed4498140e869d02b8386955cfc6248e4b9ab72ec3d43cf347f392eb2
dual_class_bert,02_dual_class_bert_S1_S10/S5/S5_summary_matrix.pdf,bert_shap/dual_class_bert/outputs/plots/bert_dual_20_curated/S5/S5_summary_matrix.pdf,23596,15f2d0d5a55dce649428f5b9b6ce23412e6a01cdafdedc75b79f38f3d4c78780
dual_class_bert,02_dual_class_bert_S1_S10/S5/S5_token_class_matrix.png,bert_shap/dual_class_bert/outputs/plots/bert_dual_20_curated/S5/S5_token_class_matrix.png,232323,4461903b818bd7ba482ad710609a32b3cf63dbe48313e048de10b68cd4e9e47b
dual_class_bert,02_dual_class_bert_S1_S10/S5/S5_token_class_matrix.pdf,bert_shap/dual_class_bert/outputs/plots/bert_dual_20_curated/S5/S5_token_class_matrix.pdf,36588,c8535902097b9dc2cad933b4f8841d473a300986b2ceb581a494f83acfd4f8d5
dual_class_bert,02_dual_class_bert_S1_S10/S5/S5_word_class_matrix.png,bert_shap/dual_class_bert/outputs/plots/bert_dual_20_curated/S5/S5_word_class_matrix.png,207163,b2496e5664374d51dfffee05658c4bae236de4f60b4055056941a2613f979b79
dual_class_bert,02_dual_class_bert_S1_S10/S5/S5_word_class_matrix.pdf,bert_shap/dual_class_bert/outputs/plots/bert_dual_20_curated/S5/S5_word_class_matrix.pdf,33291,c6258be0f07f1b5f0e5f76b486eff7b884893db08489081f174bbbd6766c58c1
dual_class_bert,02_dual_class_bert_S1_S10/S6/S6_dual_class_word_bar.png,bert_shap/dual_class_bert/outputs/plots/bert_dual_20_curated/S6/S6_dual_class_word_bar.png,274540,8042bc8473d456bdddbd3f47055035ec16308e8a92efedb0b3a0f7eebf57c435
dual_class_bert,02_dual_class_bert_S1_S10/S6/S6_dual_class_word_bar.pdf,bert_shap/dual_class_bert/outputs/plots/bert_dual_20_curated/S6/S6_dual_class_word_bar.pdf,20213,6f7c12901f105c355f3262bc8a6e331c45f400f3471c560c6dfc2f90203dfc32
dual_class_bert,02_dual_class_bert_S1_S10/S6/S6_presentation_overview.png,bert_shap/dual_class_bert/outputs/plots/bert_dual_20_curated/S6/S6_presentation_overview.png,360071,dfea3efee7ddbccf9f7e9268d55725bd3a71ca110eb35adf2ee85b8537ca53ac
dual_class_bert,02_dual_class_bert_S1_S10/S6/S6_presentation_overview.pdf,bert_shap/dual_class_bert/outputs/plots/bert_dual_20_curated/S6/S6_presentation_overview.pdf,36161,0b81694b0273fac0b76360d1e6d3c9f854f1417d346e78b37d2f98590ea0a21d
dual_class_bert,02_dual_class_bert_S1_S10/S6/S6_summary_matrix.png,bert_shap/dual_class_bert/outputs/plots/bert_dual_20_curated/S6/S6_summary_matrix.png,192772,caac0052b720ab98137eec1ffb8bf299d8201fad222eac87f248c87b59a8d941
dual_class_bert,02_dual_class_bert_S1_S10/S6/S6_summary_matrix.pdf,bert_shap/dual_class_bert/outputs/plots/bert_dual_20_curated/S6/S6_summary_matrix.pdf,23791,222f5e7f92d44831fd9753cee8fb8e48dd253c4481a83a9f209143bb3f45310d
dual_class_bert,02_dual_class_bert_S1_S10/S6/S6_token_class_matrix.png,bert_shap/dual_class_bert/outputs/plots/bert_dual_20_curated/S6/S6_token_class_matrix.png,230931,8927de7d98b58ef48f6ff825c70c5620b8a71966648a927cb150025838923dae
dual_class_bert,02_dual_class_bert_S1_S10/S6/S6_token_class_matrix.pdf,bert_shap/dual_class_bert/outputs/plots/bert_dual_20_curated/S6/S6_token_class_matrix.pdf,34202,f684aef0d88a9cde62dc65ee8b564f211e926d5cc8b62ade5361868a3d71820d
dual_class_bert,02_dual_class_bert_S1_S10/S6/S6_word_class_matrix.png,bert_shap/dual_class_bert/outputs/plots/bert_dual_20_curated/S6/S6_word_class_matrix.png,196028,0e14c6abd20f162b69a4995f926d198ca05fc5ba759d12173dd9a18d7c66fc14
dual_class_bert,02_dual_class_bert_S1_S10/S6/S6_word_class_matrix.pdf,bert_shap/dual_class_bert/outputs/plots/bert_dual_20_curated/S6/S6_word_class_matrix.pdf,29645,53de37e225a8fd6b418bd2e24f6d41939a6efe637b558d86c154878a839e81ad
dual_class_bert,02_dual_class_bert_S1_S10/S7/S7_dual_class_word_bar.png,bert_shap/dual_class_bert/outputs/plots/bert_dual_20_curated/S7/S7_dual_class_word_bar.png,275293,b301750bec2c09324ba9c513a04eca8f1fde8d45cc3ca98ed97613f158fe2cff
dual_class_bert,02_dual_class_bert_S1_S10/S7/S7_dual_class_word_bar.pdf,bert_shap/dual_class_bert/outputs/plots/bert_dual_20_curated/S7/S7_dual_class_word_bar.pdf,20407,7a18d97f1881b992c3b964dcc1d3efba5132ba137eedf4f8f3091747cec896e1
dual_class_bert,02_dual_class_bert_S1_S10/S7/S7_presentation_overview.png,bert_shap/dual_class_bert/outputs/plots/bert_dual_20_curated/S7/S7_presentation_overview.png,347230,ab9fe62b89fab97ed5d32bf4747dc1525297ca5324e7dfb1ff078cab75916592
dual_class_bert,02_dual_class_bert_S1_S10/S7/S7_presentation_overview.pdf,bert_shap/dual_class_bert/outputs/plots/bert_dual_20_curated/S7/S7_presentation_overview.pdf,36186,81baa899e62cf82644ad3d67c78b3f34a17543553acf0588d86c60a03cd9c47d
dual_class_bert,02_dual_class_bert_S1_S10/S7/S7_summary_matrix.png,bert_shap/dual_class_bert/outputs/plots/bert_dual_20_curated/S7/S7_summary_matrix.png,190059,302f8e4ccf3a4e2f044967232b2cd13902985a440e06a983cf3c97cc423c3271
dual_class_bert,02_dual_class_bert_S1_S10/S7/S7_summary_matrix.pdf,bert_shap/dual_class_bert/outputs/plots/bert_dual_20_curated/S7/S7_summary_matrix.pdf,23605,9dd140f6e3e74bacd316bbd7f43c0e5b5dfa6883cbcf691664b494e47ea40852
dual_class_bert,02_dual_class_bert_S1_S10/S7/S7_token_class_matrix.png,bert_shap/dual_class_bert/outputs/plots/bert_dual_20_curated/S7/S7_token_class_matrix.png,220555,d25a24c9266869cbea897ccc935e56e6d7067ef89e72c112ec2273cfcbc42900
dual_class_bert,02_dual_class_bert_S1_S10/S7/S7_token_class_matrix.pdf,bert_shap/dual_class_bert/outputs/plots/bert_dual_20_curated/S7/S7_token_class_matrix.pdf,35785,1949c52ea17a07cdb2b81705cafaa002ab5b031b7fb0d096edb2e5b70b435c81
dual_class_bert,02_dual_class_bert_S1_S10/S7/S7_word_class_matrix.png,bert_shap/dual_class_bert/outputs/plots/bert_dual_20_curated/S7/S7_word_class_matrix.png,187747,9a2f1bcba306ca087895392ae0c8ff62d0346f43e82e20eb051811034eb3adf2
dual_class_bert,02_dual_class_bert_S1_S10/S7/S7_word_class_matrix.pdf,bert_shap/dual_class_bert/outputs/plots/bert_dual_20_curated/S7/S7_word_class_matrix.pdf,31312,773e599055dc916d39907724b70708247acfe86034cbfe8d1a7c62031f1299be
dual_class_bert,02_dual_class_bert_S1_S10/S8/S8_dual_class_word_bar.png,bert_shap/dual_class_bert/outputs/plots/bert_dual_20_curated/S8/S8_dual_class_word_bar.png,289380,843774529561899828b0f6110c114769056d9b4d8d0378f00bef2149620db2c6
dual_class_bert,02_dual_class_bert_S1_S10/S8/S8_dual_class_word_bar.pdf,bert_shap/dual_class_bert/outputs/plots/bert_dual_20_curated/S8/S8_dual_class_word_bar.pdf,20528,38ea579e8877e3193f35773473db747fc8be5e0b3e0d07c24d924fb8ab27c906
dual_class_bert,02_dual_class_bert_S1_S10/S8/S8_presentation_overview.png,bert_shap/dual_class_bert/outputs/plots/bert_dual_20_curated/S8/S8_presentation_overview.png,363445,99e52ea93b884aa7ae13692b08fc4b82df3fe685e5c3d9c464036329fe48100e
dual_class_bert,02_dual_class_bert_S1_S10/S8/S8_presentation_overview.pdf,bert_shap/dual_class_bert/outputs/plots/bert_dual_20_curated/S8/S8_presentation_overview.pdf,37332,e3440420564ee50753124181fcbedfe3b8b410a3ab1ebbf2ffeb374e80723cd3
dual_class_bert,02_dual_class_bert_S1_S10/S8/S8_summary_matrix.png,bert_shap/dual_class_bert/outputs/plots/bert_dual_20_curated/S8/S8_summary_matrix.png,192213,562fe98a1b9c0bc077e0e5a10125265097a14e5d0e5a12b0c50752c3398feab1
dual_class_bert,02_dual_class_bert_S1_S10/S8/S8_summary_matrix.pdf,bert_shap/dual_class_bert/outputs/plots/bert_dual_20_curated/S8/S8_summary_matrix.pdf,23812,5462b3267bc6d6c9997cf2844824adf2a701174780746747fef3c2e1e439d67e
dual_class_bert,02_dual_class_bert_S1_S10/S8/S8_token_class_matrix.png,bert_shap/dual_class_bert/outputs/plots/bert_dual_20_curated/S8/S8_token_class_matrix.png,247933,f2e11040713044cba03346330831d6e993023ec715f739cfb7b2033474ed303a
dual_class_bert,02_dual_class_bert_S1_S10/S8/S8_token_class_matrix.pdf,bert_shap/dual_class_bert/outputs/plots/bert_dual_20_curated/S8/S8_token_class_matrix.pdf,36795,b6ecd53724ec808dc9184fc213acb4929a562206d69d00f3dbe210867984cb79
dual_class_bert,02_dual_class_bert_S1_S10/S8/S8_word_class_matrix.png,bert_shap/dual_class_bert/outputs/plots/bert_dual_20_curated/S8/S8_word_class_matrix.png,206241,925af1f8bb0180a6efba335c71ad4869593ee919bea933fec62e8ba7832640ca
dual_class_bert,02_dual_class_bert_S1_S10/S8/S8_word_class_matrix.pdf,bert_shap/dual_class_bert/outputs/plots/bert_dual_20_curated/S8/S8_word_class_matrix.pdf,33120,a8d33d2caa2e30d51f9ff01a4baf8f2a9cf9034dcdbb9825955785ecbfad2055
dual_class_bert,02_dual_class_bert_S1_S10/S9/S9_dual_class_word_bar.png,bert_shap/dual_class_bert/outputs/plots/bert_dual_20_curated/S9/S9_dual_class_word_bar.png,295698,f4f5563b1d61884f49ab2927fea17a8712a30b6e2799b1b544f44e8c4c75fd71
dual_class_bert,02_dual_class_bert_S1_S10/S9/S9_dual_class_word_bar.pdf,bert_shap/dual_class_bert/outputs/plots/bert_dual_20_curated/S9/S9_dual_class_word_bar.pdf,20797,5adcf8cf9ef346ef2e2c3ec45fdbc60ee26402ffd82914ace73c0f2705003304
dual_class_bert,02_dual_class_bert_S1_S10/S9/S9_presentation_overview.png,bert_shap/dual_class_bert/outputs/plots/bert_dual_20_curated/S9/S9_presentation_overview.png,374087,b8442171918c568267244e50debfa1d1f5bded22f6f5a41e36a5193db553852d
dual_class_bert,02_dual_class_bert_S1_S10/S9/S9_presentation_overview.pdf,bert_shap/dual_class_bert/outputs/plots/bert_dual_20_curated/S9/S9_presentation_overview.pdf,37075,5da7b3b9114e1795af3ed862c10d8e5556fadaddb03ac663565a8fbda016e387
dual_class_bert,02_dual_class_bert_S1_S10/S9/S9_summary_matrix.png,bert_shap/dual_class_bert/outputs/plots/bert_dual_20_curated/S9/S9_summary_matrix.png,197901,26ec21851446de0a92f1c32e5ef180ffb71ef122b7d82e4a31e7c544830ef31a
dual_class_bert,02_dual_class_bert_S1_S10/S9/S9_summary_matrix.pdf,bert_shap/dual_class_bert/outputs/plots/bert_dual_20_curated/S9/S9_summary_matrix.pdf,23969,154fad002262210938c9a8ddbfbfce0c08869665be1351dd0320169a2aea0263
dual_class_bert,02_dual_class_bert_S1_S10/S9/S9_token_class_matrix.png,bert_shap/dual_class_bert/outputs/plots/bert_dual_20_curated/S9/S9_token_class_matrix.png,246741,02a68d4dbf81fed1bcb2a4bd5d38674d60bee3eea6f48f859242952dfa946867
dual_class_bert,02_dual_class_bert_S1_S10/S9/S9_token_class_matrix.pdf,bert_shap/dual_class_bert/outputs/plots/bert_dual_20_curated/S9/S9_token_class_matrix.pdf,37061,495bdd00e764c9e58c91d2869b7cb032fe610cb05c2253f7180a57f5240ce76f
dual_class_bert,02_dual_class_bert_S1_S10/S9/S9_word_class_matrix.png,bert_shap/dual_class_bert/outputs/plots/bert_dual_20_curated/S9/S9_word_class_matrix.png,214576,870041757358e42aa4793b4b21525552a86579bb061caca9d23001cedd9f50c4
dual_class_bert,02_dual_class_bert_S1_S10/S9/S9_word_class_matrix.pdf,bert_shap/dual_class_bert/outputs/plots/bert_dual_20_curated/S9/S9_word_class_matrix.pdf,32334,6341d9e5495b0fed459743a9c0f38f91129222110b49bbd592b076b2056108af
dual_class_bert,02_dual_class_bert_S1_S10/S10/S10_dual_class_word_bar.png,bert_shap/dual_class_bert/outputs/plots/bert_dual_20_curated/S10/S10_dual_class_word_bar.png,263454,24bdae47776fc4f796da5d7c08c7748c37253160732c534c253f8ff3fbafd1b2
dual_class_bert,02_dual_class_bert_S1_S10/S10/S10_dual_class_word_bar.pdf,bert_shap/dual_class_bert/outputs/plots/bert_dual_20_curated/S10/S10_dual_class_word_bar.pdf,20421,6db898790adab46edacfae5ed0e0ee58df7738300e8c53d3dea89e5a5e36c69b
dual_class_bert,02_dual_class_bert_S1_S10/S10/S10_presentation_overview.png,bert_shap/dual_class_bert/outputs/plots/bert_dual_20_curated/S10/S10_presentation_overview.png,334826,8a1f361e77e72a63052408ef308b5251aace0cece2dcdc318192b89b78a08981
dual_class_bert,02_dual_class_bert_S1_S10/S10/S10_presentation_overview.pdf,bert_shap/dual_class_bert/outputs/plots/bert_dual_20_curated/S10/S10_presentation_overview.pdf,32698,06d9f2225bebce2f07ef27b4505f344d9f2834ece7444334cc0444c2995cae7d
dual_class_bert,02_dual_class_bert_S1_S10/S10/S10_summary_matrix.png,bert_shap/dual_class_bert/outputs/plots/bert_dual_20_curated/S10/S10_summary_matrix.png,194442,6005c08d746dff57cdab576ddb63150bbc44b189d22e87227b8fcab0ce4517a5
dual_class_bert,02_dual_class_bert_S1_S10/S10/S10_summary_matrix.pdf,bert_shap/dual_class_bert/outputs/plots/bert_dual_20_curated/S10/S10_summary_matrix.pdf,23965,bc0b38a5bad282b10dcae7dcef9106fd2ab24d9ef5152b8ccfbd18b834b15de3
dual_class_bert,02_dual_class_bert_S1_S10/S10/S10_token_class_matrix.png,bert_shap/dual_class_bert/outputs/plots/bert_dual_20_curated/S10/S10_token_class_matrix.png,231499,6a292894e4b8153464fcf889ad7d7d76dfb55f3f2120453f67f2d104af3b9ee4
dual_class_bert,02_dual_class_bert_S1_S10/S10/S10_token_class_matrix.pdf,bert_shap/dual_class_bert/outputs/plots/bert_dual_20_curated/S10/S10_token_class_matrix.pdf,36620,26329ecab2663f824029b00661f7c8c31bd2f73a7ed63ef7284a1db01d64a526
dual_class_bert,02_dual_class_bert_S1_S10/S10/S10_word_class_matrix.png,bert_shap/dual_class_bert/outputs/plots/bert_dual_20_curated/S10/S10_word_class_matrix.png,173685,7bbcbd7c734a7f643469eccb0756983eee1e789c4a26397fa1db5559b9560d5a
dual_class_bert,02_dual_class_bert_S1_S10/S10/S10_word_class_matrix.pdf,bert_shap/dual_class_bert/outputs/plots/bert_dual_20_curated/S10/S10_word_class_matrix.pdf,25349,171b54872242a559fe11dd54fb111546fde6db3748aa02b5d9907d406e747cbb
clip_text_shap,03_clip_text_shap_S1_S10/S1/S1_dual_class_word_bar.png,clip_text_shap/outputs/plots/clip_text_dual_20_curated/S1/S1_dual_class_word_bar.png,280582,5b295037cee878f3d99d1c200b6e8ccdfc1a5aba4524b1f9ca7aab32286a4a7a
clip_text_shap,03_clip_text_shap_S1_S10/S1/S1_dual_class_word_bar.pdf,clip_text_shap/outputs/plots/clip_text_dual_20_curated/S1/S1_dual_class_word_bar.pdf,21246,8a1964619c84518b2d592cf849acd2f74dc14c0881111f11b2fa913c26222c91
clip_text_shap,03_clip_text_shap_S1_S10/S1/S1_presentation_overview.png,clip_text_shap/outputs/plots/clip_text_dual_20_curated/S1/S1_presentation_overview.png,394115,5059d0844c29580076fd8e271cffdb387df81d2598b3f81de6c57a10045d25d4
clip_text_shap,03_clip_text_shap_S1_S10/S1/S1_presentation_overview.pdf,clip_text_shap/outputs/plots/clip_text_dual_20_curated/S1/S1_presentation_overview.pdf,39516,44e19619d80792bbf95e8ca4b6e3fd4934bc876017f39c0662f6dcbd823d5c77
clip_text_shap,03_clip_text_shap_S1_S10/S1/S1_summary_matrix.png,clip_text_shap/outputs/plots/clip_text_dual_20_curated/S1/S1_summary_matrix.png,197548,fd397e9ca138acef92c6588ffe3aa5cd2d876b079dd51817fdd9ad59e09285cf
clip_text_shap,03_clip_text_shap_S1_S10/S1/S1_summary_matrix.pdf,clip_text_shap/outputs/plots/clip_text_dual_20_curated/S1/S1_summary_matrix.pdf,23967,a9922487908de53c95a77b9ae9d416b0ad4e7d55260ecf16c8a1c4467d1ceb3a
clip_text_shap,03_clip_text_shap_S1_S10/S1/S1_token_class_matrix.png,clip_text_shap/outputs/plots/clip_text_dual_20_curated/S1/S1_token_class_matrix.png,276527,564b80a63cfe3cb0b3f8915256925bf5dae9911d2be4f4bfb434c02a384cf7d6
clip_text_shap,03_clip_text_shap_S1_S10/S1/S1_token_class_matrix.pdf,clip_text_shap/outputs/plots/clip_text_dual_20_curated/S1/S1_token_class_matrix.pdf,33860,c0f79124442cbbd0616e562a4b4edcfc291c2d64226ea0b624569d33b278a467
clip_text_shap,03_clip_text_shap_S1_S10/S1/S1_word_class_matrix.png,clip_text_shap/outputs/plots/clip_text_dual_20_curated/S1/S1_word_class_matrix.png,222421,c6298922dc223590e63b364cbced58ae362ec47bc17ef4c4caa5f529b13731da
clip_text_shap,03_clip_text_shap_S1_S10/S1/S1_word_class_matrix.pdf,clip_text_shap/outputs/plots/clip_text_dual_20_curated/S1/S1_word_class_matrix.pdf,32592,52243d3ea2fdba64aad1f2ed86e2e2c5eb0fadf2ee9c6573690a21804b502ac7
clip_text_shap,03_clip_text_shap_S1_S10/S2/S2_dual_class_word_bar.png,clip_text_shap/outputs/plots/clip_text_dual_20_curated/S2/S2_dual_class_word_bar.png,275767,c909a322da26bf55f827322b41c0aeaca8e66b18e48ec25942cd372d245e1a0f
clip_text_shap,03_clip_text_shap_S1_S10/S2/S2_dual_class_word_bar.pdf,clip_text_shap/outputs/plots/clip_text_dual_20_curated/S2/S2_dual_class_word_bar.pdf,21252,38c89b8b0a001d3a86c69ea76dad5cf975e01d566ddef10ea450565504d550a2
clip_text_shap,03_clip_text_shap_S1_S10/S2/S2_presentation_overview.png,clip_text_shap/outputs/plots/clip_text_dual_20_curated/S2/S2_presentation_overview.png,367747,159b79a9b79809f8b48cfc189fbbac5de0c58ea9deb52f1aaa99542c9fb8ed8b
clip_text_shap,03_clip_text_shap_S1_S10/S2/S2_presentation_overview.pdf,clip_text_shap/outputs/plots/clip_text_dual_20_curated/S2/S2_presentation_overview.pdf,33285,e3d6c83a17deb1d63814db65d4235788923ebd8ab183f718dada93809078d956
clip_text_shap,03_clip_text_shap_S1_S10/S2/S2_summary_matrix.png,clip_text_shap/outputs/plots/clip_text_dual_20_curated/S2/S2_summary_matrix.png,184874,46aaa283856dfd3a50df98d788550425ed81e15f46f276b2fb1b9cbcf836f794
clip_text_shap,03_clip_text_shap_S1_S10/S2/S2_summary_matrix.pdf,clip_text_shap/outputs/plots/clip_text_dual_20_curated/S2/S2_summary_matrix.pdf,23491,ea3eeea416690cbe888993ca9009313763788f4c25ee0157fb6cba9db494ee68
clip_text_shap,03_clip_text_shap_S1_S10/S2/S2_token_class_matrix.png,clip_text_shap/outputs/plots/clip_text_dual_20_curated/S2/S2_token_class_matrix.png,254027,b553783996c5cc802a4d86a208f4ec4319ec5c0ddfe701e5087dc576269bd8d4
clip_text_shap,03_clip_text_shap_S1_S10/S2/S2_token_class_matrix.pdf,clip_text_shap/outputs/plots/clip_text_dual_20_curated/S2/S2_token_class_matrix.pdf,34748,bcd61688f37b038b99c896eac33b9646eecd8197db1cecedb3d83ba6316dd785
clip_text_shap,03_clip_text_shap_S1_S10/S2/S2_word_class_matrix.png,clip_text_shap/outputs/plots/clip_text_dual_20_curated/S2/S2_word_class_matrix.png,204856,421d68db8a8d3a3cb1a874a9642b81236e40ea3012279059d7ac7c29d7c449db
clip_text_shap,03_clip_text_shap_S1_S10/S2/S2_word_class_matrix.pdf,clip_text_shap/outputs/plots/clip_text_dual_20_curated/S2/S2_word_class_matrix.pdf,26323,be1a1f8ce3590eb996cb31c25eead91f46a834aa96a53de5987b8e38634ae0fd
clip_text_shap,03_clip_text_shap_S1_S10/S3/S3_dual_class_word_bar.png,clip_text_shap/outputs/plots/clip_text_dual_20_curated/S3/S3_dual_class_word_bar.png,283569,84fbb63eb3ef10fed699c35bd4c23937aef67543a3bff6bf819745e74c556142
clip_text_shap,03_clip_text_shap_S1_S10/S3/S3_dual_class_word_bar.pdf,clip_text_shap/outputs/plots/clip_text_dual_20_curated/S3/S3_dual_class_word_bar.pdf,21578,8763045d00520674ad32ed9fb172ac04bf96b342e3345706e5ceb7a1db8f403f
clip_text_shap,03_clip_text_shap_S1_S10/S3/S3_presentation_overview.png,clip_text_shap/outputs/plots/clip_text_dual_20_curated/S3/S3_presentation_overview.png,394971,a4e8c34991faf89ee72cef0ffa90938d2becc3d6b50bc75deca1e82d04aad95a
clip_text_shap,03_clip_text_shap_S1_S10/S3/S3_presentation_overview.pdf,clip_text_shap/outputs/plots/clip_text_dual_20_curated/S3/S3_presentation_overview.pdf,40792,873d858d389ce3e4fb0fba8f2e975a7b485c8247e47b021612f2689ffa47069a
clip_text_shap,03_clip_text_shap_S1_S10/S3/S3_summary_matrix.png,clip_text_shap/outputs/plots/clip_text_dual_20_curated/S3/S3_summary_matrix.png,191995,21cf48e09ca7730228c9ad013d6e395f340eccd6ae847ea0e5fd4d54e3079946
clip_text_shap,03_clip_text_shap_S1_S10/S3/S3_summary_matrix.pdf,clip_text_shap/outputs/plots/clip_text_dual_20_curated/S3/S3_summary_matrix.pdf,24292,d5bf9ee320a22b67d9a1f76ce85b07769b6a337e5da2db4a683612b31e5697d8
clip_text_shap,03_clip_text_shap_S1_S10/S3/S3_token_class_matrix.png,clip_text_shap/outputs/plots/clip_text_dual_20_curated/S3/S3_token_class_matrix.png,287027,cd4a71b15d66da26a0ed419fb267cd1b5d39170a6b8d6c162ca1c5856bf7a199
clip_text_shap,03_clip_text_shap_S1_S10/S3/S3_token_class_matrix.pdf,clip_text_shap/outputs/plots/clip_text_dual_20_curated/S3/S3_token_class_matrix.pdf,32370,bad2c75c00572286856d173850f4d94036a07e93d2a36c95690dbd04380659c0
clip_text_shap,03_clip_text_shap_S1_S10/S3/S3_word_class_matrix.png,clip_text_shap/outputs/plots/clip_text_dual_20_curated/S3/S3_word_class_matrix.png,227612,cdfbf6f2f080b0cb92d3ac511e47afa9d4d0ca72497cbb20d7853b1477bc8659
clip_text_shap,03_clip_text_shap_S1_S10/S3/S3_word_class_matrix.pdf,clip_text_shap/outputs/plots/clip_text_dual_20_curated/S3/S3_word_class_matrix.pdf,33222,c1c878222fdf51a73f32955cb52eb48d52175a6c7145667e34be95df1a8c58ac
clip_text_shap,03_clip_text_shap_S1_S10/S4/S4_dual_class_word_bar.png,clip_text_shap/outputs/plots/clip_text_dual_20_curated/S4/S4_dual_class_word_bar.png,257181,ac3f8b01d941d718b09b96abe9f14864bef903305b6ff8721b76aa63fdc56a43
clip_text_shap,03_clip_text_shap_S1_S10/S4/S4_dual_class_word_bar.pdf,clip_text_shap/outputs/plots/clip_text_dual_20_curated/S4/S4_dual_class_word_bar.pdf,21039,44bbf7e97282b4dadcfef64e15fa95abdfa3d9fbd7d77be9581c1af7554a4b5d
clip_text_shap,03_clip_text_shap_S1_S10/S4/S4_presentation_overview.png,clip_text_shap/outputs/plots/clip_text_dual_20_curated/S4/S4_presentation_overview.png,373195,ac1da5f2e11aa68554fd5e832abc98e7924bbd240d3a401c44309ab83467814e
clip_text_shap,03_clip_text_shap_S1_S10/S4/S4_presentation_overview.pdf,clip_text_shap/outputs/plots/clip_text_dual_20_curated/S4/S4_presentation_overview.pdf,39943,364d1fff436a3e98be638a5cbceaf361d958d79192e01d7327534d6f0dc6a7a2
clip_text_shap,03_clip_text_shap_S1_S10/S4/S4_summary_matrix.png,clip_text_shap/outputs/plots/clip_text_dual_20_curated/S4/S4_summary_matrix.png,190732,13a91c242cb66428be3ee652e29548a418414ffc88f836d51d9472b17540d328
clip_text_shap,03_clip_text_shap_S1_S10/S4/S4_summary_matrix.pdf,clip_text_shap/outputs/plots/clip_text_dual_20_curated/S4/S4_summary_matrix.pdf,24134,5934b825ae94540a8e91e4e5d9e8906d926e0ffe854cf4f5248a564be20b7a3c
clip_text_shap,03_clip_text_shap_S1_S10/S4/S4_token_class_matrix.png,clip_text_shap/outputs/plots/clip_text_dual_20_curated/S4/S4_token_class_matrix.png,263231,ffd61cc25da9463c1939302c94271d477fa4ab43e73d1cabedabf71d0203bbbd
clip_text_shap,03_clip_text_shap_S1_S10/S4/S4_token_class_matrix.pdf,clip_text_shap/outputs/plots/clip_text_dual_20_curated/S4/S4_token_class_matrix.pdf,31260,2a76b87c14915c4d8d679a071e8a810a7048504ef3e36e051b20651345e65b24
clip_text_shap,03_clip_text_shap_S1_S10/S4/S4_word_class_matrix.png,clip_text_shap/outputs/plots/clip_text_dual_20_curated/S4/S4_word_class_matrix.png,199268,38d3bf52e667a9138a4facbce65d0b6965c3da8392993272d0c404574c2976a8
clip_text_shap,03_clip_text_shap_S1_S10/S4/S4_word_class_matrix.pdf,clip_text_shap/outputs/plots/clip_text_dual_20_curated/S4/S4_word_class_matrix.pdf,29970,b3af982a1fe0296eb4dad7437641074773710985060c5029e19423e3c4f14a70
clip_text_shap,03_clip_text_shap_S1_S10/S5/S5_dual_class_word_bar.png,clip_text_shap/outputs/plots/clip_text_dual_20_curated/S5/S5_dual_class_word_bar.png,296719,31fd9011ac2487d934ab10123f28bcd11ad061d5a699e964989a806551c72d52
clip_text_shap,03_clip_text_shap_S1_S10/S5/S5_dual_class_word_bar.pdf,clip_text_shap/outputs/plots/clip_text_dual_20_curated/S5/S5_dual_class_word_bar.pdf,21491,250444d97cb58d4820338d5a05a36baed0317e8b0c9b829c060c974e7cf4d24e
clip_text_shap,03_clip_text_shap_S1_S10/S5/S5_presentation_overview.png,clip_text_shap/outputs/plots/clip_text_dual_20_curated/S5/S5_presentation_overview.png,400078,0f26d30b37c857bbe1ddf3e27821a698d999fbdc6bc606e78d1bc290e87b6a11
clip_text_shap,03_clip_text_shap_S1_S10/S5/S5_presentation_overview.pdf,clip_text_shap/outputs/plots/clip_text_dual_20_curated/S5/S5_presentation_overview.pdf,40761,8e66ea1255674c0ed969a60c47ba97180395ed93bbffafd5c0b5c61b2324cf6b
clip_text_shap,03_clip_text_shap_S1_S10/S5/S5_summary_matrix.png,clip_text_shap/outputs/plots/clip_text_dual_20_curated/S5/S5_summary_matrix.png,197223,b5f84d96596e963a1be71d3bcfc9f55e557c6b4d36ebda7e994be15cb1031aac
clip_text_shap,03_clip_text_shap_S1_S10/S5/S5_summary_matrix.pdf,clip_text_shap/outputs/plots/clip_text_dual_20_curated/S5/S5_summary_matrix.pdf,23952,4676d6f979487ca08aabc368533259340791dc817be3448499c6a1b00032946e
clip_text_shap,03_clip_text_shap_S1_S10/S5/S5_token_class_matrix.png,clip_text_shap/outputs/plots/clip_text_dual_20_curated/S5/S5_token_class_matrix.png,281722,6709ef41198e963e56d776a6a3f6131f7cb639ac416abc4bb81da22d2e937f51
clip_text_shap,03_clip_text_shap_S1_S10/S5/S5_token_class_matrix.pdf,clip_text_shap/outputs/plots/clip_text_dual_20_curated/S5/S5_token_class_matrix.pdf,35558,2649caf6be242806ff0d9bdab217c17661d0ca5b5d64e64f04043a688722c43b
clip_text_shap,03_clip_text_shap_S1_S10/S5/S5_word_class_matrix.png,clip_text_shap/outputs/plots/clip_text_dual_20_curated/S5/S5_word_class_matrix.png,227892,1b501641f1404fed94ab246ec61b248b103a1ba06f1a0ae2f0f7d2bf83decc20
clip_text_shap,03_clip_text_shap_S1_S10/S5/S5_word_class_matrix.pdf,clip_text_shap/outputs/plots/clip_text_dual_20_curated/S5/S5_word_class_matrix.pdf,34123,abba459c808aab3f625db59cfd5539350739c7d041b06bf3bb73277be86403e3
clip_text_shap,03_clip_text_shap_S1_S10/S6/S6_dual_class_word_bar.png,clip_text_shap/outputs/plots/clip_text_dual_20_curated/S6/S6_dual_class_word_bar.png,277393,5b7e12c070e56d9903b45c08a4697c22aaef9bc1de42223a91c547115797d320
clip_text_shap,03_clip_text_shap_S1_S10/S6/S6_dual_class_word_bar.pdf,clip_text_shap/outputs/plots/clip_text_dual_20_curated/S6/S6_dual_class_word_bar.pdf,21163,c398f2b488c659473c463e952d3dc6a31d63c3f06cdb8c94a8a48db5570d2139
clip_text_shap,03_clip_text_shap_S1_S10/S6/S6_presentation_overview.png,clip_text_shap/outputs/plots/clip_text_dual_20_curated/S6/S6_presentation_overview.png,381960,245fd260a927096125d1c144924089ebfe37e1687aebd70c2f66004ee53b2225
clip_text_shap,03_clip_text_shap_S1_S10/S6/S6_presentation_overview.pdf,clip_text_shap/outputs/plots/clip_text_dual_20_curated/S6/S6_presentation_overview.pdf,39455,53f18ee810e72e5966b138d008c5016fa0a11d64d110f10055fbc417f35369b8
clip_text_shap,03_clip_text_shap_S1_S10/S6/S6_summary_matrix.png,clip_text_shap/outputs/plots/clip_text_dual_20_curated/S6/S6_summary_matrix.png,198685,a31f558583ddde6e8cbf9a566f871a70c45d8714b60a128b46d4a836ff9735d3
clip_text_shap,03_clip_text_shap_S1_S10/S6/S6_summary_matrix.pdf,clip_text_shap/outputs/plots/clip_text_dual_20_curated/S6/S6_summary_matrix.pdf,24153,ae1ee4aac7467b9a5822a0cd5858d9430aaaaf31651a82155177d63137ac7776
clip_text_shap,03_clip_text_shap_S1_S10/S6/S6_token_class_matrix.png,clip_text_shap/outputs/plots/clip_text_dual_20_curated/S6/S6_token_class_matrix.png,249047,2295454d2d185de971008b9d0ede42960d645d519550d08715d49e85a9ffa574
clip_text_shap,03_clip_text_shap_S1_S10/S6/S6_token_class_matrix.pdf,clip_text_shap/outputs/plots/clip_text_dual_20_curated/S6/S6_token_class_matrix.pdf,30139,6aeb3e2e788aea7c636f4b7e284cac51b9c7ec2528edceb7e5e6977436d139d4
clip_text_shap,03_clip_text_shap_S1_S10/S6/S6_word_class_matrix.png,clip_text_shap/outputs/plots/clip_text_dual_20_curated/S6/S6_word_class_matrix.png,206761,3b72d757da57df9a5f728b1b71a2f18fa90b4c400d6950f353ace72ebc412a62
clip_text_shap,03_clip_text_shap_S1_S10/S6/S6_word_class_matrix.pdf,clip_text_shap/outputs/plots/clip_text_dual_20_curated/S6/S6_word_class_matrix.pdf,31139,03252e02fadafd8e9934c0bd7d8580487c483bf5be8461b1d584bd5a7f78c4c6
clip_text_shap,03_clip_text_shap_S1_S10/S7/S7_dual_class_word_bar.png,clip_text_shap/outputs/plots/clip_text_dual_20_curated/S7/S7_dual_class_word_bar.png,274822,dc479f029dd1219d8e4faf527687be5128f43a32d80648b80389aee26a482d03
clip_text_shap,03_clip_text_shap_S1_S10/S7/S7_dual_class_word_bar.pdf,clip_text_shap/outputs/plots/clip_text_dual_20_curated/S7/S7_dual_class_word_bar.pdf,21035,34650fd1818fc8c2f7a37a7091d6422d0b1726655cbd41ed2cc30e2ffb7401dd
clip_text_shap,03_clip_text_shap_S1_S10/S7/S7_presentation_overview.png,clip_text_shap/outputs/plots/clip_text_dual_20_curated/S7/S7_presentation_overview.png,391875,97f2163921942bbc915737cd3fd14fc064262a96d26ebe31d28f5d4c3c1a2fe3
clip_text_shap,03_clip_text_shap_S1_S10/S7/S7_presentation_overview.pdf,clip_text_shap/outputs/plots/clip_text_dual_20_curated/S7/S7_presentation_overview.pdf,39902,f99a871cc2f94d1a44888500e7e39491e218eca23f83884970c2fdcc90827c73
clip_text_shap,03_clip_text_shap_S1_S10/S7/S7_summary_matrix.png,clip_text_shap/outputs/plots/clip_text_dual_20_curated/S7/S7_summary_matrix.png,196982,ffc88ec096f9b5e34d28bc51da0427ae6bb99f0c88849b1ca395a27f961faf42
clip_text_shap,03_clip_text_shap_S1_S10/S7/S7_summary_matrix.pdf,clip_text_shap/outputs/plots/clip_text_dual_20_curated/S7/S7_summary_matrix.pdf,23978,a52c9022eb92e20615cb8da60bc7f1e15fc82d7a70f02ffbd9fea25fbf526ac6
clip_text_shap,03_clip_text_shap_S1_S10/S7/S7_token_class_matrix.png,clip_text_shap/outputs/plots/clip_text_dual_20_curated/S7/S7_token_class_matrix.png,293141,0d9c6b63bb67c9103e48cf87eb223c018d780bfa52f2d4f65d467ba215c0fc38
clip_text_shap,03_clip_text_shap_S1_S10/S7/S7_token_class_matrix.pdf,clip_text_shap/outputs/plots/clip_text_dual_20_curated/S7/S7_token_class_matrix.pdf,34587,64ba99407b881252bc403c11f077276680ccf9d87c930a9cbd93148714f3cc21
clip_text_shap,03_clip_text_shap_S1_S10/S7/S7_word_class_matrix.png,clip_text_shap/outputs/plots/clip_text_dual_20_curated/S7/S7_word_class_matrix.png,219107,d2a1c005c9fc8dd83e6e5fa40a152334c17ce8684f5de112068534e6ac750ab8
clip_text_shap,03_clip_text_shap_S1_S10/S7/S7_word_class_matrix.pdf,clip_text_shap/outputs/plots/clip_text_dual_20_curated/S7/S7_word_class_matrix.pdf,32186,f3978efd660171006c6ff07cee04b449b043db995e1f384079f74cb1b5e5161c
clip_text_shap,03_clip_text_shap_S1_S10/S8/S8_dual_class_word_bar.png,clip_text_shap/outputs/plots/clip_text_dual_20_curated/S8/S8_dual_class_word_bar.png,299499,a99022c3995df6519bb73d43d20c8ddbb375d1bfda42bbec82a7494e9b30b029
clip_text_shap,03_clip_text_shap_S1_S10/S8/S8_dual_class_word_bar.pdf,clip_text_shap/outputs/plots/clip_text_dual_20_curated/S8/S8_dual_class_word_bar.pdf,21585,f8831cd868b916712f20f8a2256ed0ffb9a5f8618d1d4e6394a9acae800053e2
clip_text_shap,03_clip_text_shap_S1_S10/S8/S8_presentation_overview.png,clip_text_shap/outputs/plots/clip_text_dual_20_curated/S8/S8_presentation_overview.png,417346,1b6fcc411a850bc556e12f79de3510e3e87f7dbff46dd799320681af736ac5a1
clip_text_shap,03_clip_text_shap_S1_S10/S8/S8_presentation_overview.pdf,clip_text_shap/outputs/plots/clip_text_dual_20_curated/S8/S8_presentation_overview.pdf,40116,019978af53d67b56cdeba6b354c095fc8b678e6f3652763e326e7017890eb307
clip_text_shap,03_clip_text_shap_S1_S10/S8/S8_summary_matrix.png,clip_text_shap/outputs/plots/clip_text_dual_20_curated/S8/S8_summary_matrix.png,197112,1afab839203420dde1788bb01b334fd31b3a505e2fdeb90589eeb303cbd481f9
clip_text_shap,03_clip_text_shap_S1_S10/S8/S8_summary_matrix.pdf,clip_text_shap/outputs/plots/clip_text_dual_20_curated/S8/S8_summary_matrix.pdf,23091,772e78e911294dc66182c7c065d8a5e7cf19034074f9b47fc16c71d69d3cf018
clip_text_shap,03_clip_text_shap_S1_S10/S8/S8_token_class_matrix.png,clip_text_shap/outputs/plots/clip_text_dual_20_curated/S8/S8_token_class_matrix.png,300869,53c614dc70af2fee0ff628784f033e1bb5f2b85e9c10fe3db113de1a20ddcfa0
clip_text_shap,03_clip_text_shap_S1_S10/S8/S8_token_class_matrix.pdf,clip_text_shap/outputs/plots/clip_text_dual_20_curated/S8/S8_token_class_matrix.pdf,32699,bf0619d4c1ced489f9daf37581cdfe887263adbf8ffca17aa2ebbc3b54711931
clip_text_shap,03_clip_text_shap_S1_S10/S8/S8_word_class_matrix.png,clip_text_shap/outputs/plots/clip_text_dual_20_curated/S8/S8_word_class_matrix.png,246278,497cdbff9b22fb2b47f27cb24dae36cbbcfda2389282e70c34a80234cb090b76
clip_text_shap,03_clip_text_shap_S1_S10/S8/S8_word_class_matrix.pdf,clip_text_shap/outputs/plots/clip_text_dual_20_curated/S8/S8_word_class_matrix.pdf,33941,42f10ab180f3e0ddac4f60d147423777a561c0980ef75149deaf35b538d63fa8
clip_text_shap,03_clip_text_shap_S1_S10/S9/S9_dual_class_word_bar.png,clip_text_shap/outputs/plots/clip_text_dual_20_curated/S9/S9_dual_class_word_bar.png,307036,b6ef761fb9085eea9a3dc283274a28dc507103da63bb8a652e5800d36151e348
clip_text_shap,03_clip_text_shap_S1_S10/S9/S9_dual_class_word_bar.pdf,clip_text_shap/outputs/plots/clip_text_dual_20_curated/S9/S9_dual_class_word_bar.pdf,21850,89adbb57e7e5d39b9f7480c77c2a28518d458a84fde83cc6e10e936118c3bab3
clip_text_shap,03_clip_text_shap_S1_S10/S9/S9_presentation_overview.png,clip_text_shap/outputs/plots/clip_text_dual_20_curated/S9/S9_presentation_overview.png,400256,efa27a7c88226988065bba56d647873d41abbd1259650c7bd2f3083794939405
clip_text_shap,03_clip_text_shap_S1_S10/S9/S9_presentation_overview.pdf,clip_text_shap/outputs/plots/clip_text_dual_20_curated/S9/S9_presentation_overview.pdf,39203,b200ff7092e9bd616f80c75202d36942f45bed85070384bfdb1f9f1ad6ded5d8
clip_text_shap,03_clip_text_shap_S1_S10/S9/S9_summary_matrix.png,clip_text_shap/outputs/plots/clip_text_dual_20_curated/S9/S9_summary_matrix.png,195129,258ed7de6b83f87816da49d07c1a4db005d673c2665d80de35ba631b532caff5
clip_text_shap,03_clip_text_shap_S1_S10/S9/S9_summary_matrix.pdf,clip_text_shap/outputs/plots/clip_text_dual_20_curated/S9/S9_summary_matrix.pdf,23386,900840537c24f20e7dead1ad697a12bb6ca10eaab29717fedbbd1375fe44c025
clip_text_shap,03_clip_text_shap_S1_S10/S9/S9_token_class_matrix.png,clip_text_shap/outputs/plots/clip_text_dual_20_curated/S9/S9_token_class_matrix.png,293997,af3a32c6ab6af5b2fb0521dcfd5ccd683265c239ae94a26e51e5ace39ebbf4f7
clip_text_shap,03_clip_text_shap_S1_S10/S9/S9_token_class_matrix.pdf,clip_text_shap/outputs/plots/clip_text_dual_20_curated/S9/S9_token_class_matrix.pdf,32771,2e6cdb86b6cceb6d45e11d9d9726aefe4d8c1be0d974f3d52e74ebb6a15de8f3
clip_text_shap,03_clip_text_shap_S1_S10/S9/S9_word_class_matrix.png,clip_text_shap/outputs/plots/clip_text_dual_20_curated/S9/S9_word_class_matrix.png,233727,372ceacfdd64dd0cb720707aca6a040a0cf34184155d58d7c3aa0641c5624643
clip_text_shap,03_clip_text_shap_S1_S10/S9/S9_word_class_matrix.pdf,clip_text_shap/outputs/plots/clip_text_dual_20_curated/S9/S9_word_class_matrix.pdf,32396,1d2b2b9984b0d1f6482d8574a602d5dd239c47eb616614d2b211359e4c7b5721
clip_text_shap,03_clip_text_shap_S1_S10/S10/S10_dual_class_word_bar.png,clip_text_shap/outputs/plots/clip_text_dual_20_curated/S10/S10_dual_class_word_bar.png,278430,6932a8e988ed83de1c7d8402fd8b4ed9fd5e2937febd4f33961c823caf8290e1
clip_text_shap,03_clip_text_shap_S1_S10/S10/S10_dual_class_word_bar.pdf,clip_text_shap/outputs/plots/clip_text_dual_20_curated/S10/S10_dual_class_word_bar.pdf,21467,decafd965e98d33a394db318cddf5e3686755d636928588c8ce9db17f21e48c5
clip_text_shap,03_clip_text_shap_S1_S10/S10/S10_presentation_overview.png,clip_text_shap/outputs/plots/clip_text_dual_20_curated/S10/S10_presentation_overview.png,381125,ba45a8e5802c4d8c5c860115b72540af3426326440b52f4f1c14ee2551d10835
clip_text_shap,03_clip_text_shap_S1_S10/S10/S10_presentation_overview.pdf,clip_text_shap/outputs/plots/clip_text_dual_20_curated/S10/S10_presentation_overview.pdf,39778,66564a291e2d4406ac60490e067b590a8dc75d255d2a6b97fadf2b12328ab9c6
clip_text_shap,03_clip_text_shap_S1_S10/S10/S10_summary_matrix.png,clip_text_shap/outputs/plots/clip_text_dual_20_curated/S10/S10_summary_matrix.png,199584,41ff2d121cc272ecf92a89d6c156c0f883052b8ea0dd0f68c88822bf8bf9fe4a
clip_text_shap,03_clip_text_shap_S1_S10/S10/S10_summary_matrix.pdf,clip_text_shap/outputs/plots/clip_text_dual_20_curated/S10/S10_summary_matrix.pdf,24336,6ed2535822ee51d5666b5f09135a40c18728bdd8ae6a5d99f7dc86a0a0bd04a3
clip_text_shap,03_clip_text_shap_S1_S10/S10/S10_token_class_matrix.png,clip_text_shap/outputs/plots/clip_text_dual_20_curated/S10/S10_token_class_matrix.png,255706,2b5814754ca8e9b6d2a9f492240cc743a0fafc8af350cc1d3d2ad914f590cc5a
clip_text_shap,03_clip_text_shap_S1_S10/S10/S10_token_class_matrix.pdf,clip_text_shap/outputs/plots/clip_text_dual_20_curated/S10/S10_token_class_matrix.pdf,31472,7b712bb495afb6ed92d30dd1f9f00001a2eb1cd905851740a777d4dcf7a6e0af
clip_text_shap,03_clip_text_shap_S1_S10/S10/S10_word_class_matrix.png,clip_text_shap/outputs/plots/clip_text_dual_20_curated/S10/S10_word_class_matrix.png,209310,0601db071b45ee89de341feb1c48182a1c1330dabb94d7c3ee9d04490c372d75
clip_text_shap,03_clip_text_shap_S1_S10/S10/S10_word_class_matrix.pdf,clip_text_shap/outputs/plots/clip_text_dual_20_curated/S10/S10_word_class_matrix.pdf,32161,40ee0b077c2d54fbf8da6ecaabbcd3556359d7182e403b87d785ab38ebd7c4a1
clip_vision_shap,04_clip_vision_shap_I1_I10_patch_overlay_values/I1_SHAP_patch_overlay_values.png,clip_vision_shap/outputs/plots/clip_vision_i1_i10/I1/I1_SHAP_patch_overlay_values.png,295359,af7948bdb1f46b617083db1d4dd8019fabd0144028cf59e89f036a74736074fd
clip_vision_shap,04_clip_vision_shap_I1_I10_patch_overlay_values/I1_SHAP_patch_overlay_values.pdf,clip_vision_shap/outputs/plots/clip_vision_i1_i10/I1/I1_SHAP_patch_overlay_values.pdf,303178,869d3f24bec383efc9808642e6db496ac0d8fe1396f9bc361fc86d339ad5025b
clip_vision_shap,04_clip_vision_shap_I1_I10_patch_overlay_values/I2_SHAP_patch_overlay_values.png,clip_vision_shap/outputs/plots/clip_vision_i1_i10/I2/I2_SHAP_patch_overlay_values.png,273075,db54b19396ba506ee90f034f7fdd049630c62644a4197aa7fb7d91cd75e4f6f6
clip_vision_shap,04_clip_vision_shap_I1_I10_patch_overlay_values/I2_SHAP_patch_overlay_values.pdf,clip_vision_shap/outputs/plots/clip_vision_i1_i10/I2/I2_SHAP_patch_overlay_values.pdf,240831,53771ca52c29295a6925ea102323dd55148d50f29104e684cdb3c2a6c83084fe
clip_vision_shap,04_clip_vision_shap_I1_I10_patch_overlay_values/I3_SHAP_patch_overlay_values.png,clip_vision_shap/outputs/plots/clip_vision_i1_i10/I3/I3_SHAP_patch_overlay_values.png,284113,8e4667b1f9164348b55c3036c0cb4fe4345b30ba64f5a063de44b0c76ddb174b
clip_vision_shap,04_clip_vision_shap_I1_I10_patch_overlay_values/I3_SHAP_patch_overlay_values.pdf,clip_vision_shap/outputs/plots/clip_vision_i1_i10/I3/I3_SHAP_patch_overlay_values.pdf,299789,1f48b8bdf4b88bfa166a5f23c2e00cecd1a76716d313b7cc5c766fe35472c574
clip_vision_shap,04_clip_vision_shap_I1_I10_patch_overlay_values/I4_SHAP_patch_overlay_values.png,clip_vision_shap/outputs/plots/clip_vision_i1_i10/I4/I4_SHAP_patch_overlay_values.png,213065,7ab72bf2f75ea0a5958a745e6dc6d46f07bd3d31c18265bffad0729552cd246f
clip_vision_shap,04_clip_vision_shap_I1_I10_patch_overlay_values/I4_SHAP_patch_overlay_values.pdf,clip_vision_shap/outputs/plots/clip_vision_i1_i10/I4/I4_SHAP_patch_overlay_values.pdf,137360,55144cbff23b76e735ca9d178c44e6fe4c2cd0f32bbf3874b7f0e262da4287e3
clip_vision_shap,04_clip_vision_shap_I1_I10_patch_overlay_values/I5_SHAP_patch_overlay_values.png,clip_vision_shap/outputs/plots/clip_vision_i1_i10/I5/I5_SHAP_patch_overlay_values.png,307877,94ffed1d72fc557097f13a34a6ec29e7fb3f3d7278f57d5a900265f4f624841f
clip_vision_shap,04_clip_vision_shap_I1_I10_patch_overlay_values/I5_SHAP_patch_overlay_values.pdf,clip_vision_shap/outputs/plots/clip_vision_i1_i10/I5/I5_SHAP_patch_overlay_values.pdf,323138,c133c582a766a862365ca81c84370845cb2ab05e5ceabcc6201eeaeb0a446a21
clip_vision_shap,04_clip_vision_shap_I1_I10_patch_overlay_values/I6_SHAP_patch_overlay_values.png,clip_vision_shap/outputs/plots/clip_vision_i1_i10/I6/I6_SHAP_patch_overlay_values.png,293552,d2c5af60d5bab6a8da5c604175812a6267703f5d70d4a6ac0587de68280da425
clip_vision_shap,04_clip_vision_shap_I1_I10_patch_overlay_values/I6_SHAP_patch_overlay_values.pdf,clip_vision_shap/outputs/plots/clip_vision_i1_i10/I6/I6_SHAP_patch_overlay_values.pdf,304096,a0ded5acb2a35018874319253d25de7180f58289b57e22ba058135289f7ac11f
clip_vision_shap,04_clip_vision_shap_I1_I10_patch_overlay_values/I7_SHAP_patch_overlay_values.png,clip_vision_shap/outputs/plots/clip_vision_i1_i10/I7/I7_SHAP_patch_overlay_values.png,267782,98940dd0c73420a63f8bc902848b282b0a31921e0b92abfd58afb5289861ddd3
clip_vision_shap,04_clip_vision_shap_I1_I10_patch_overlay_values/I7_SHAP_patch_overlay_values.pdf,clip_vision_shap/outputs/plots/clip_vision_i1_i10/I7/I7_SHAP_patch_overlay_values.pdf,233820,31c282409c7509030d99f8563e304d07636ff9b83c404b9805ae2b1918887245
clip_vision_shap,04_clip_vision_shap_I1_I10_patch_overlay_values/I8_SHAP_patch_overlay_values.png,clip_vision_shap/outputs/plots/clip_vision_i1_i10/I8/I8_SHAP_patch_overlay_values.png,295578,9eb58b30a351f8f1f6f4125f024226a70dd568324268f131d09c9a708853acc0
clip_vision_shap,04_clip_vision_shap_I1_I10_patch_overlay_values/I8_SHAP_patch_overlay_values.pdf,clip_vision_shap/outputs/plots/clip_vision_i1_i10/I8/I8_SHAP_patch_overlay_values.pdf,302983,585bbca8a0b2eb5dac4e2104a14ddea235e6f0c8d0f9520807f323fa90d612d5
clip_vision_shap,04_clip_vision_shap_I1_I10_patch_overlay_values/I9_SHAP_patch_overlay_values.png,clip_vision_shap/outputs/plots/clip_vision_i1_i10/I9/I9_SHAP_patch_overlay_values.png,292678,1b649f105ea05cdc71de5c1ec97fe513ff316d7591e9a7702cf173202da4afe9
clip_vision_shap,04_clip_vision_shap_I1_I10_patch_overlay_values/I9_SHAP_patch_overlay_values.pdf,clip_vision_shap/outputs/plots/clip_vision_i1_i10/I9/I9_SHAP_patch_overlay_values.pdf,298244,fcdc1c72c2bfdd1c8719c018f59e724842b894428cc400dfa9174b09135da362
clip_vision_shap,04_clip_vision_shap_I1_I10_patch_overlay_values/I10_SHAP_patch_overlay_values.png,clip_vision_shap/outputs/plots/clip_vision_i1_i10/I10/I10_SHAP_patch_overlay_values.png,300314,b9ed7703dc8fa158d657ee6e612d842d3cd405b000c70cb491551d16d0f932df
clip_vision_shap,04_clip_vision_shap_I1_I10_patch_overlay_values/I10_SHAP_patch_overlay_values.pdf,clip_vision_shap/outputs/plots/clip_vision_i1_i10/I10/I10_SHAP_patch_overlay_values.pdf,322116,6ade9b027389b6360d1fb96f63a30ceab3497ad326dab62c6b4e1e3ed8f5dabc
clip_vision_faithfulness_metrics,05_clip_vision_faithfulness_metrics/summary_table.md,clip_vision_shap_faithfulness_metrics/outputs/summary_table.md,1966,c51050ec2dac55c62b0634a4d274ca718334c0971639a495cc80f1687361b8e8
clip_vision_faithfulness_metrics,05_clip_vision_faithfulness_metrics/summary_table.csv,clip_vision_shap_faithfulness_metrics/outputs/summary_table.csv,160,33806e2df3b4e8f0b1decc0bb3b320e97abe140c79a46a09f6a9a8191c7b2109
clip_vision_faithfulness_metrics,05_clip_vision_faithfulness_metrics/summary_table.tex,clip_vision_shap_faithfulness_metrics/outputs/summary_table.tex,326,b3a01e138cf460af6f82fbf4423a4348c9360e75c7bc4e56340fc1288fe7b53f
clip_vision_faithfulness_metrics,05_clip_vision_faithfulness_metrics/per_image_metrics.csv,clip_vision_shap_faithfulness_metrics/outputs/per_image_metrics.csv,3498,11df26901961a658c1ad22e6fe7ffba810867c7265d325ac23c079debdc72069
clip_vision_faithfulness_metrics,05_clip_vision_faithfulness_metrics/curve_points.csv,clip_vision_shap_faithfulness_metrics/outputs/curve_points.csv,42823,b0eb8f665371cfd01c2eb5d5c687354b3933ff9c1a62e8046a9b00a53f8be655
clip_vision_faithfulness_metrics,05_clip_vision_faithfulness_metrics/checks.json,clip_vision_shap_faithfulness_metrics/outputs/checks.json,10246,30437be14feee12d01c439ec8ae4d0a7c6c0d902ca715c1daf501539829c51ff
clip_vision_faithfulness_metrics,05_clip_vision_faithfulness_metrics/deletion_insertion_curves_mean.png,clip_vision_shap_faithfulness_metrics/outputs/plots/deletion_insertion_curves_mean.png,280328,e23a9104243a57100bcca64f8c9e7b7b6de8300c1ed8dc583e117833380bfe9f
clip_vision_faithfulness_metrics,05_clip_vision_faithfulness_metrics/deletion_insertion_curves_mean.pdf,clip_vision_shap_faithfulness_metrics/outputs/plots/deletion_insertion_curves_mean.pdf,37565,fd07816103f51090eca20327ea8230a026da83e8ba760b2ff7c269bc5c425b05
clip_vision_faithfulness_metrics,05_clip_vision_faithfulness_metrics/deletion_insertion_curves_per_image.png,clip_vision_shap_faithfulness_metrics/outputs/plots/deletion_insertion_curves_per_image.png,275468,560787b02f2533eaab50b52d9cd19c85f0cdcc6f8eb3d051113fe9b72a26a0f3
clip_vision_faithfulness_metrics,05_clip_vision_faithfulness_metrics/deletion_insertion_curves_per_image.pdf,clip_vision_shap_faithfulness_metrics/outputs/plots/deletion_insertion_curves_per_image.pdf,40128,69c348659c745cedc71e28f483ffa49c51c6df703664cf3626eba650529ee9d3
clip_vision_faithfulness_metrics,05_clip_vision_faithfulness_metrics/pointing_game.png,clip_vision_shap_faithfulness_metrics/outputs/plots/pointing_game.png,5352571,876a20ced36106aa53d8f72db06a5c24f0e33758c529a85e4eb370d84226a6f9
clip_vision_faithfulness_metrics,05_clip_vision_faithfulness_metrics/pointing_game.pdf,clip_vision_shap_faithfulness_metrics/outputs/plots/pointing_game.pdf,1364737,3e7e2d144b24427a01e0c596f4711be36391c25176698d08bbbf83572d456a99
clip_vision_faithfulness_metrics,05_clip_vision_faithfulness_metrics/pointing_game_boxes.csv,clip_vision_shap_faithfulness_metrics/annotations/pointing_game_boxes.csv,1095,20fbe7c84640d1cbacb8086e199d7b98df84a41dbe457fec69fd8ececd59899c
clip_vision_faithfulness_metrics,05_clip_vision_faithfulness_metrics/pointing_game_boxes_review.png,clip_vision_shap_faithfulness_metrics/annotations/review/all_images_review.png,3273445,b9ef970a272553f3c09d6437ed7d9d09f6e36512295e0030e3acc0ff7c725455
clip_vision_faithfulness_metrics,05_clip_vision_faithfulness_metrics/EXPERIMENT_README.md,clip_vision_shap_faithfulness_metrics/README.md,8776,7c526c22ae8d894fcd655ca09cf4288e819330ca6272e5d389a228b7bbaf715a
